Device:,iPhone10,3
OS version:,12.3.1
App version:,1.4.6 (2)
Library version:,1.0.0 build (22)
UUID,UID,RECEIVED TIME,RSSI,DISTANCE(m),APP STATUS,BATTERY
339_79168CDD-F79A-40DD-A8B8-945F7C0F11C7,133,2021-08-24 12:51:59,-58,0.9,Foreground,0.640000
339_79168CDD-F79A-40DD-A8B8-945F7C0F11C7,139,2021-08-24 12:51:59,-85,19.0,Foreground,0.640000
47_B28E7807-3517-4048-90CD-29E4826AE511,135,2021-08-24 12:51:59,-80,1.9,Foreground,0.640000
47_B28E7807-3517-4048-90CD-29E4826AE511,141,2021-08-24 12:51:59,-81,15.8,Foreground,0.640000
460_DB983EA6-33C3-4EB3-8C58-BB61B2C880CF,136,2021-08-24 12:51:59,-64,0.8,Foreground,0.640000
460_DB983EA6-33C3-4EB3-8C58-BB61B2C880CF,134,2021-08-24 12:51:59,-68,1.2,Foreground,0.640000
460_DB983EA6-33C3-4EB3-8C58-BB61B2C880CF,132,2021-08-24 12:51:59,-73,1.9,Foreground,0.640000
460_DB983EA6-33C3-4EB3-8C58-BB61B2C880CF,142,2021-08-24 12:51:59,-82,13.7,Foreground,0.640000
460_DB983EA6-33C3-4EB3-8C58-BB61B2C880CF,138,2021-08-24 12:51:59,-85,21.7,Foreground,0.640000
667_E70CE80A-F0E3-4B6D-96D3-BE5540BD9CDB,137,2021-08-24 12:51:59,-73,1.4,Foreground,0.640000
667_E70CE80A-F0E3-4B6D-96D3-BE5540BD9CDB,143,2021-08-24 12:51:59,-81,12.7,Foreground,0.640000
928_79168CDD-F79A-40DD-A8B8-945F7C0F11C7,133,2021-08-24 12:52:01,-58,0.7,Foreground,0.640000
928_79168CDD-F79A-40DD-A8B8-945F7C0F11C7,139,2021-08-24 12:52:01,-88,19.0,Foreground,0.640000
864_B28E7807-3517-4048-90CD-29E4826AE511,135,2021-08-24 12:52:01,-69,1.8,Foreground,0.640000
981_DB983EA6-33C3-4EB3-8C58-BB61B2C880CF,136,2021-08-24 12:52:01,-65,0.9,Foreground,0.640000
981_DB983EA6-33C3-4EB3-8C58-BB61B2C880CF,134,2021-08-24 12:52:01,-63,1.0,Foreground,0.640000
981_DB983EA6-33C3-4EB3-8C58-BB61B2C880CF,132,2021-08-24 12:52:01,-75,2.2,Foreground,0.640000
178_E70CE80A-F0E3-4B6D-96D3-BE5540BD9CDB,137,2021-08-24 12:52:01,-63,1.1,Foreground,0.640000
178_E70CE80A-F0E3-4B6D-96D3-BE5540BD9CDB,143,2021-08-24 12:52:01,-90,14.0,Foreground,0.640000
692_79168CDD-F79A-40DD-A8B8-945F7C0F11C7,133,2021-08-24 12:52:02,-58,0.5,Foreground,0.640000
703_B28E7807-3517-4048-90CD-29E4826AE511,135,2021-08-24 12:52:02,-73,2.1,Foreground,0.640000
550_DB983EA6-33C3-4EB3-8C58-BB61B2C880CF,136,2021-08-24 12:52:02,-60,0.7,Foreground,0.640000
550_DB983EA6-33C3-4EB3-8C58-BB61B2C880CF,134,2021-08-24 12:52:02,-62,0.8,Foreground,0.640000
550_DB983EA6-33C3-4EB3-8C58-BB61B2C880CF,132,2021-08-24 12:52:02,-68,1.8,Foreground,0.640000
204_E70CE80A-F0E3-4B6D-96D3-BE5540BD9CDB,137,2021-08-24 12:52:02,-61,0.8,Foreground,0.640000
204_E70CE80A-F0E3-4B6D-96D3-BE5540BD9CDB,143,2021-08-24 12:52:02,-90,15.3,Foreground,0.640000
Rule 5
583_79168CDD-F79A-40DD-A8B8-945F7C0F11C7,133,2021-08-24 12:52:03,-61,0.5,Foreground,0.640000
583_79168CDD-F79A-40DD-A8B8-945F7C0F11C7,139,2021-08-24 12:52:03,-83,16.3,Foreground,0.640000
878_B28E7807-3517-4048-90CD-29E4826AE511,135,2021-08-24 12:52:03,-77,2.5,Foreground,0.640000
23_DB983EA6-33C3-4EB3-8C58-BB61B2C880CF,136,2021-08-24 12:52:03,-58,0.5,Foreground,0.640000
23_DB983EA6-33C3-4EB3-8C58-BB61B2C880CF,134,2021-08-24 12:52:03,-59,0.6,Foreground,0.640000
23_DB983EA6-33C3-4EB3-8C58-BB61B2C880CF,142,2021-08-24 12:52:03,-79,11.5,Foreground,0.640000
23_DB983EA6-33C3-4EB3-8C58-BB61B2C880CF,140,2021-08-24 12:52:03,-77,16.8,Foreground,0.640000
328_E70CE80A-F0E3-4B6D-96D3-BE5540BD9CDB,137,2021-08-24 12:52:03,-61,0.7,Foreground,0.640000
328_E70CE80A-F0E3-4B6D-96D3-BE5540BD9CDB,143,2021-08-24 12:52:03,-90,16.4,Foreground,0.640000
322_79168CDD-F79A-40DD-A8B8-945F7C0F11C7,133,2021-08-24 12:52:04,-70,0.8,Foreground,0.640000
322_79168CDD-F79A-40DD-A8B8-945F7C0F11C7,139,2021-08-24 12:52:04,-87,16.4,Foreground,0.640000
210_B28E7807-3517-4048-90CD-29E4826AE511,135,2021-08-24 12:52:04,-69,2.2,Foreground,0.640000
948_DB983EA6-33C3-4EB3-8C58-BB61B2C880CF,136,2021-08-24 12:52:04,-56,0.4,Foreground,0.640000
948_DB983EA6-33C3-4EB3-8C58-BB61B2C880CF,134,2021-08-24 12:52:04,-70,0.9,Foreground,0.640000
948_DB983EA6-33C3-4EB3-8C58-BB61B2C880CF,132,2021-08-24 12:52:04,-71,1.9,Foreground,0.640000
948_DB983EA6-33C3-4EB3-8C58-BB61B2C880CF,142,2021-08-24 12:52:04,-85,11.8,Foreground,0.640000
948_DB983EA6-33C3-4EB3-8C58-BB61B2C880CF,140,2021-08-24 12:52:04,-81,12.0,Foreground,0.640000
756_E70CE80A-F0E3-4B6D-96D3-BE5540BD9CDB,137,2021-08-24 12:52:04,-56,0.5,Foreground,0.640000
756_E70CE80A-F0E3-4B6D-96D3-BE5540BD9CDB,143,2021-08-24 12:52:04,-90,17.3,Foreground,0.640000
762_79168CDD-F79A-40DD-A8B8-945F7C0F11C7,133,2021-08-24 12:52:05,-63,0.8,Foreground,0.640000
762_79168CDD-F79A-40DD-A8B8-945F7C0F11C7,139,2021-08-24 12:52:05,-90,17.3,Foreground,0.640000
545_B28E7807-3517-4048-90CD-29E4826AE511,135,2021-08-24 12:52:05,-62,1.4,Foreground,0.640000
499_DB983EA6-33C3-4EB3-8C58-BB61B2C880CF,136,2021-08-24 12:52:05,-56,0.4,Foreground,0.640000
499_DB983EA6-33C3-4EB3-8C58-BB61B2C880CF,134,2021-08-24 12:52:05,-67,1.0,Foreground,0.640000
499_DB983EA6-33C3-4EB3-8C58-BB61B2C880CF,132,2021-08-24 12:52:05,-70,1.9,Foreground,0.640000
499_DB983EA6-33C3-4EB3-8C58-BB61B2C880CF,140,2021-08-24 12:52:05,-84,11.8,Foreground,0.640000
499_DB983EA6-33C3-4EB3-8C58-BB61B2C880CF,142,2021-08-24 12:52:05,-92,13.8,Foreground,0.640000
495_E70CE80A-F0E3-4B6D-96D3-BE5540BD9CDB,137,2021-08-24 12:52:05,-53,0.3,Foreground,0.640000
495_E70CE80A-F0E3-4B6D-96D3-BE5540BD9CDB,143,2021-08-24 12:52:05,-92,18.5,Foreground,0.640000
60_79168CDD-F79A-40DD-A8B8-945F7C0F11C7,133,2021-08-24 12:52:06,-60,0.7,Foreground,0.640000
60_79168CDD-F79A-40DD-A8B8-945F7C0F11C7,139,2021-08-24 12:52:06,-88,17.5,Foreground,0.640000
33_B28E7807-3517-4048-90CD-29E4826AE511,135,2021-08-24 12:52:06,-61,1.0,Foreground,0.640000
33_B28E7807-3517-4048-90CD-29E4826AE511,141,2021-08-24 12:52:06,-92,17.3,Foreground,0.640000
144_DB983EA6-33C3-4EB3-8C58-BB61B2C880CF,136,2021-08-24 12:52:06,-69,0.6,Foreground,0.640000
144_DB983EA6-33C3-4EB3-8C58-BB61B2C880CF,134,2021-08-24 12:52:06,-67,1.1,Foreground,0.640000
144_DB983EA6-33C3-4EB3-8C58-BB61B2C880CF,132,2021-08-24 12:52:06,-69,1.8,Foreground,0.640000
144_DB983EA6-33C3-4EB3-8C58-BB61B2C880CF,140,2021-08-24 12:52:06,-87,12.6,Foreground,0.640000
110_E70CE80A-F0E3-4B6D-96D3-BE5540BD9CDB,137,2021-08-24 12:52:06,-52,0.2,Foreground,0.640000
110_E70CE80A-F0E3-4B6D-96D3-BE5540BD9CDB,143,2021-08-24 12:52:06,-90,19.1,Foreground,0.640000
Rule 5
727_79168CDD-F79A-40DD-A8B8-945F7C0F11C7,133,2021-08-24 12:52:07,-56,0.5,Foreground,0.640000
47_B28E7807-3517-4048-90CD-29E4826AE511,141,2021-08-24 12:52:07,-91,20.4,Foreground,0.640000
972_DB983EA6-33C3-4EB3-8C58-BB61B2C880CF,136,2021-08-24 12:52:07,-61,0.6,Foreground,0.640000
972_DB983EA6-33C3-4EB3-8C58-BB61B2C880CF,134,2021-08-24 12:52:07,-67,1.1,Foreground,0.640000
972_DB983EA6-33C3-4EB3-8C58-BB61B2C880CF,132,2021-08-24 12:52:07,-69,1.8,Foreground,0.640000
972_DB983EA6-33C3-4EB3-8C58-BB61B2C880CF,142,2021-08-24 12:52:07,-90,15.0,Foreground,0.640000
972_DB983EA6-33C3-4EB3-8C58-BB61B2C880CF,138,2021-08-24 12:52:07,-91,22.8,Foreground,0.640000
75_E70CE80A-F0E3-4B6D-96D3-BE5540BD9CDB,137,2021-08-24 12:52:07,-58,0.3,Foreground,0.640000
75_E70CE80A-F0E3-4B6D-96D3-BE5540BD9CDB,143,2021-08-24 12:52:07,-89,19.4,Foreground,0.640000
31_79168CDD-F79A-40DD-A8B8-945F7C0F11C7,133,2021-08-24 12:52:08,-54,0.3,Foreground,0.640000
146_B28E7807-3517-4048-90CD-29E4826AE511,135,2021-08-24 12:52:08,-73,1.3,Foreground,0.640000
146_B28E7807-3517-4048-90CD-29E4826AE511,141,2021-08-24 12:52:08,-91,22.1,Foreground,0.640000
789_DB983EA6-33C3-4EB3-8C58-BB61B2C880CF,136,2021-08-24 12:52:08,-61,0.6,Foreground,0.640000
789_DB983EA6-33C3-4EB3-8C58-BB61B2C880CF,134,2021-08-24 12:52:08,-66,1.1,Foreground,0.640000
789_DB983EA6-33C3-4EB3-8C58-BB61B2C880CF,132,2021-08-24 12:52:08,-65,1.5,Foreground,0.640000
789_DB983EA6-33C3-4EB3-8C58-BB61B2C880CF,142,2021-08-24 12:52:08,-87,15.3,Foreground,0.640000
789_DB983EA6-33C3-4EB3-8C58-BB61B2C880CF,138,2021-08-24 12:52:08,-87,19.8,Foreground,0.640000
812_E70CE80A-F0E3-4B6D-96D3-BE5540BD9CDB,137,2021-08-24 12:52:08,-62,0.4,Foreground,0.640000
507_79168CDD-F79A-40DD-A8B8-945F7C0F11C7,133,2021-08-24 12:52:09,-69,0.5,Foreground,0.640000
664_B28E7807-3517-4048-90CD-29E4826AE511,135,2021-08-24 12:52:09,-66,1.2,Foreground,0.640000
664_B28E7807-3517-4048-90CD-29E4826AE511,141,2021-08-24 12:52:09,-93,24.2,Foreground,0.640000
932_DB983EA6-33C3-4EB3-8C58-BB61B2C880CF,136,2021-08-24 12:52:09,-52,0.3,Foreground,0.640000
932_DB983EA6-33C3-4EB3-8C58-BB61B2C880CF,132,2021-08-24 12:52:09,-60,1.0,Foreground,0.640000
932_DB983EA6-33C3-4EB3-8C58-BB61B2C880CF,134,2021-08-24 12:52:09,-67,1.2,Foreground,0.640000
932_DB983EA6-33C3-4EB3-8C58-BB61B2C880CF,140,2021-08-24 12:52:09,-87,13.2,Foreground,0.640000
932_DB983EA6-33C3-4EB3-8C58-BB61B2C880CF,142,2021-08-24 12:52:09,-87,15.5,Foreground,0.640000
974_E70CE80A-F0E3-4B6D-96D3-BE5540BD9CDB,137,2021-08-24 12:52:09,-63,0.6,Foreground,0.640000
797_79168CDD-F79A-40DD-A8B8-945F7C0F11C7,133,2021-08-24 12:52:10,-68,0.8,Foreground,0.640000
797_79168CDD-F79A-40DD-A8B8-945F7C0F11C7,139,2021-08-24 12:52:10,-92,18.7,Foreground,0.640000
863_B28E7807-3517-4048-90CD-29E4826AE511,135,2021-08-24 12:52:10,-67,1.2,Foreground,0.640000
561_DB983EA6-33C3-4EB3-8C58-BB61B2C880CF,136,2021-08-24 12:52:10,-54,0.3,Foreground,0.640000
561_DB983EA6-33C3-4EB3-8C58-BB61B2C880CF,132,2021-08-24 12:52:10,-57,0.6,Foreground,0.640000
561_DB983EA6-33C3-4EB3-8C58-BB61B2C880CF,134,2021-08-24 12:52:10,-69,1.3,Foreground,0.640000
561_DB983EA6-33C3-4EB3-8C58-BB61B2C880CF,140,2021-08-24 12:52:10,-91,15.1,Foreground,0.640000
561_DB983EA6-33C3-4EB3-8C58-BB61B2C880CF,142,2021-08-24 12:52:10,-89,16.2,Foreground,0.640000
996_E70CE80A-F0E3-4B6D-96D3-BE5540BD9CDB,137,2021-08-24 12:52:10,-63,0.6,Foreground,0.640000
996_E70CE80A-F0E3-4B6D-96D3-BE5540BD9CDB,143,2021-08-24 12:52:10,-88,19.3,Foreground,0.640000
914_79168CDD-F79A-40DD-A8B8-945F7C0F11C7,133,2021-08-24 12:52:11,-56,0.5,Foreground,0.640000
914_79168CDD-F79A-40DD-A8B8-945F7C0F11C7,139,2021-08-24 12:52:11,-94,21.2,Foreground,0.640000
93_B28E7807-3517-4048-90CD-29E4826AE511,135,2021-08-24 12:52:11,-70,1.4,Foreground,0.640000
93_B28E7807-3517-4048-90CD-29E4826AE511,141,2021-08-24 12:52:11,-91,24.8,Foreground,0.640000
803_DB983EA6-33C3-4EB3-8C58-BB61B2C880CF,136,2021-08-24 12:52:11,-58,0.3,Foreground,0.640000
803_DB983EA6-33C3-4EB3-8C58-BB61B2C880CF,132,2021-08-24 12:52:11,-69,0.8,Foreground,0.640000
803_DB983EA6-33C3-4EB3-8C58-BB61B2C880CF,134,2021-08-24 12:52:11,-66,1.2,Foreground,0.640000
803_DB983EA6-33C3-4EB3-8C58-BB61B2C880CF,140,2021-08-24 12:52:11,-92,16.8,Foreground,0.640000
803_DB983EA6-33C3-4EB3-8C58-BB61B2C880CF,142,2021-08-24 12:52:11,-91,17.2,Foreground,0.640000
803_DB983EA6-33C3-4EB3-8C58-BB61B2C880CF,138,2021-08-24 12:52:11,-88,19.5,Foreground,0.640000
337_E70CE80A-F0E3-4B6D-96D3-BE5540BD9CDB,137,2021-08-24 12:52:11,-53,0.3,Foreground,0.640000
337_E70CE80A-F0E3-4B6D-96D3-BE5540BD9CDB,143,2021-08-24 12:52:11,-86,18.4,Foreground,0.640000
337_79168CDD-F79A-40DD-A8B8-945F7C0F11C7,133,2021-08-24 12:52:12,-75,0.8,Foreground,0.630000
337_79168CDD-F79A-40DD-A8B8-945F7C0F11C7,139,2021-08-24 12:52:12,-94,23.3,Foreground,0.630000
35_B28E7807-3517-4048-90CD-29E4826AE511,135,2021-08-24 12:52:12,-75,1.7,Foreground,0.630000
35_B28E7807-3517-4048-90CD-29E4826AE511,141,2021-08-24 12:52:12,-91,25.3,Foreground,0.630000
308_DB983EA6-33C3-4EB3-8C58-BB61B2C880CF,136,2021-08-24 12:52:12,-58,0.4,Foreground,0.630000
308_DB983EA6-33C3-4EB3-8C58-BB61B2C880CF,132,2021-08-24 12:52:12,-63,0.8,Foreground,0.630000
308_DB983EA6-33C3-4EB3-8C58-BB61B2C880CF,134,2021-08-24 12:52:12,-72,1.5,Foreground,0.630000
308_DB983EA6-33C3-4EB3-8C58-BB61B2C880CF,138,2021-08-24 12:52:12,-83,15.5,Foreground,0.630000
308_DB983EA6-33C3-4EB3-8C58-BB61B2C880CF,142,2021-08-24 12:52:12,-91,18.2,Foreground,0.630000
308_DB983EA6-33C3-4EB3-8C58-BB61B2C880CF,140,2021-08-24 12:52:12,-92,18.3,Foreground,0.630000
419_E70CE80A-F0E3-4B6D-96D3-BE5540BD9CDB,137,2021-08-24 12:52:12,-70,0.6,Foreground,0.630000
837_79168CDD-F79A-40DD-A8B8-945F7C0F11C7,133,2021-08-24 12:52:13,-76,1.1,Foreground,0.630000
587_B28E7807-3517-4048-90CD-29E4826AE511,135,2021-08-24 12:52:13,-65,1.4,Foreground,0.630000
296_DB983EA6-33C3-4EB3-8C58-BB61B2C880CF,136,2021-08-24 12:52:13,-54,0.3,Foreground,0.630000
296_DB983EA6-33C3-4EB3-8C58-BB61B2C880CF,132,2021-08-24 12:52:13,-65,0.9,Foreground,0.630000
296_DB983EA6-33C3-4EB3-8C58-BB61B2C880CF,134,2021-08-24 12:52:13,-74,1.8,Foreground,0.630000
296_DB983EA6-33C3-4EB3-8C58-BB61B2C880CF,142,2021-08-24 12:52:13,-91,19.0,Foreground,0.630000
296_DB983EA6-33C3-4EB3-8C58-BB61B2C880CF,140,2021-08-24 12:52:13,-92,19.6,Foreground,0.630000
253_E70CE80A-F0E3-4B6D-96D3-BE5540BD9CDB,137,2021-08-24 12:52:13,-63,0.6,Foreground,0.630000
4_79168CDD-F79A-40DD-A8B8-945F7C0F11C7,133,2021-08-24 12:52:14,-66,1.1,Foreground,0.630000
287_B28E7807-3517-4048-90CD-29E4826AE511,135,2021-08-24 12:52:14,-66,1.3,Foreground,0.630000
566_DB983EA6-33C3-4EB3-8C58-BB61B2C880CF,136,2021-08-24 12:52:14,-51,0.2,Foreground,0.630000
566_DB983EA6-33C3-4EB3-8C58-BB61B2C880CF,132,2021-08-24 12:52:14,-67,1.0,Foreground,0.630000
566_DB983EA6-33C3-4EB3-8C58-BB61B2C880CF,142,2021-08-24 12:52:14,-90,19.5,Foreground,0.630000
566_DB983EA6-33C3-4EB3-8C58-BB61B2C880CF,140,2021-08-24 12:52:14,-92,20.7,Foreground,0.630000
450_E70CE80A-F0E3-4B6D-96D3-BE5540BD9CDB,137,2021-08-24 12:52:14,-56,0.5,Foreground,0.630000
450_E70CE80A-F0E3-4B6D-96D3-BE5540BD9CDB,143,2021-08-24 12:52:14,-86,17.7,Foreground,0.630000
93_79168CDD-F79A-40DD-A8B8-945F7C0F11C7,133,2021-08-24 12:52:15,-65,1.1,Foreground,0.630000
93_79168CDD-F79A-40DD-A8B8-945F7C0F11C7,139,2021-08-24 12:52:15,-94,25.1,Foreground,0.630000
597_B28E7807-3517-4048-90CD-29E4826AE511,135,2021-08-24 12:52:15,-58,0.8,Foreground,0.630000
363_DB983EA6-33C3-4EB3-8C58-BB61B2C880CF,134,2021-08-24 12:52:15,-69,1.7,Foreground,0.630000
363_DB983EA6-33C3-4EB3-8C58-BB61B2C880CF,138,2021-08-24 12:52:15,-92,17.5,Foreground,0.630000
363_DB983EA6-33C3-4EB3-8C58-BB61B2C880CF,140,2021-08-24 12:52:15,-83,18.2,Foreground,0.630000
363_DB983EA6-33C3-4EB3-8C58-BB61B2C880CF,142,2021-08-24 12:52:15,-90,19.9,Foreground,0.630000
279_E70CE80A-F0E3-4B6D-96D3-BE5540BD9CDB,137,2021-08-24 12:52:15,-56,0.4,Foreground,0.630000
279_E70CE80A-F0E3-4B6D-96D3-BE5540BD9CDB,143,2021-08-24 12:52:15,-85,16.5,Foreground,0.630000
96_79168CDD-F79A-40DD-A8B8-945F7C0F11C7,133,2021-08-24 12:52:16,-56,0.6,Foreground,0.630000
96_79168CDD-F79A-40DD-A8B8-945F7C0F11C7,139,2021-08-24 12:52:16,-94,27.0,Foreground,0.630000
634_B28E7807-3517-4048-90CD-29E4826AE511,135,2021-08-24 12:52:16,-63,0.8,Foreground,0.630000
634_B28E7807-3517-4048-90CD-29E4826AE511,141,2021-08-24 12:52:16,-88,24.0,Foreground,0.630000
66_DB983EA6-33C3-4EB3-8C58-BB61B2C880CF,136,2021-08-24 12:52:16,-59,0.3,Foreground,0.630000
66_DB983EA6-33C3-4EB3-8C58-BB61B2C880CF,132,2021-08-24 12:52:16,-74,1.3,Foreground,0.630000
66_DB983EA6-33C3-4EB3-8C58-BB61B2C880CF,134,2021-08-24 12:52:16,-65,1.3,Foreground,0.630000
66_DB983EA6-33C3-4EB3-8C58-BB61B2C880CF,142,2021-08-24 12:52:16,-86,19.2,Foreground,0.630000
677_E70CE80A-F0E3-4B6D-96D3-BE5540BD9CDB,137,2021-08-24 12:52:16,-56,0.3,Foreground,0.630000
677_E70CE80A-F0E3-4B6D-96D3-BE5540BD9CDB,143,2021-08-24 12:52:16,-84,15.3,Foreground,0.630000
458_79168CDD-F79A-40DD-A8B8-945F7C0F11C7,133,2021-08-24 12:52:17,-59,0.5,Foreground,0.630000
617_B28E7807-3517-4048-90CD-29E4826AE511,135,2021-08-24 12:52:17,-68,0.9,Foreground,0.630000
617_B28E7807-3517-4048-90CD-29E4826AE511,141,2021-08-24 12:52:17,-81,16.6,Foreground,0.630000
789_DB983EA6-33C3-4EB3-8C58-BB61B2C880CF,136,2021-08-24 12:52:17,-59,0.4,Foreground,0.630000
789_DB983EA6-33C3-4EB3-8C58-BB61B2C880CF,134,2021-08-24 12:52:17,-62,1.0,Foreground,0.630000
789_DB983EA6-33C3-4EB3-8C58-BB61B2C880CF,132,2021-08-24 12:52:17,-68,1.4,Foreground,0.630000
789_DB983EA6-33C3-4EB3-8C58-BB61B2C880CF,138,2021-08-24 12:52:17,-84,15.5,Foreground,0.630000
789_DB983EA6-33C3-4EB3-8C58-BB61B2C880CF,142,2021-08-24 12:52:17,-84,17.9,Foreground,0.630000
571_E70CE80A-F0E3-4B6D-96D3-BE5540BD9CDB,137,2021-08-24 12:52:17,-66,0.5,Foreground,0.630000
571_E70CE80A-F0E3-4B6D-96D3-BE5540BD9CDB,143,2021-08-24 12:52:17,-84,14.6,Foreground,0.630000
127_79168CDD-F79A-40DD-A8B8-945F7C0F11C7,133,2021-08-24 12:52:18,-59,0.5,Foreground,0.630000
127_79168CDD-F79A-40DD-A8B8-945F7C0F11C7,139,2021-08-24 12:52:18,-90,26.6,Foreground,0.630000
417_B28E7807-3517-4048-90CD-29E4826AE511,135,2021-08-24 12:52:18,-64,0.9,Foreground,0.630000
417_B28E7807-3517-4048-90CD-29E4826AE511,141,2021-08-24 12:52:18,-84,15.3,Foreground,0.630000
197_DB983EA6-33C3-4EB3-8C58-BB61B2C880CF,136,2021-08-24 12:52:18,-54,0.3,Foreground,0.630000
197_DB983EA6-33C3-4EB3-8C58-BB61B2C880CF,132,2021-08-24 12:52:18,-55,0.6,Foreground,0.630000
197_DB983EA6-33C3-4EB3-8C58-BB61B2C880CF,134,2021-08-24 12:52:18,-56,0.6,Foreground,0.630000
197_DB983EA6-33C3-4EB3-8C58-BB61B2C880CF,138,2021-08-24 12:52:18,-84,14.3,Foreground,0.630000
197_DB983EA6-33C3-4EB3-8C58-BB61B2C880CF,142,2021-08-24 12:52:18,-83,16.6,Foreground,0.630000
715_E70CE80A-F0E3-4B6D-96D3-BE5540BD9CDB,137,2021-08-24 12:52:18,-66,0.7,Foreground,0.630000
421_79168CDD-F79A-40DD-A8B8-945F7C0F11C7,133,2021-08-24 12:52:19,-72,0.8,Foreground,0.630000
421_79168CDD-F79A-40DD-A8B8-945F7C0F11C7,139,2021-08-24 12:52:19,-89,25.6,Foreground,0.630000
506_B28E7807-3517-4048-90CD-29E4826AE511,135,2021-08-24 12:52:19,-64,0.9,Foreground,0.630000
352_DB983EA6-33C3-4EB3-8C58-BB61B2C880CF,136,2021-08-24 12:52:19,-54,0.3,Foreground,0.630000
352_DB983EA6-33C3-4EB3-8C58-BB61B2C880CF,132,2021-08-24 12:52:19,-56,0.4,Foreground,0.630000
352_DB983EA6-33C3-4EB3-8C58-BB61B2C880CF,134,2021-08-24 12:52:19,-70,0.8,Foreground,0.630000
352_DB983EA6-33C3-4EB3-8C58-BB61B2C880CF,142,2021-08-24 12:52:19,-81,14.8,Foreground,0.630000
352_DB983EA6-33C3-4EB3-8C58-BB61B2C880CF,140,2021-08-24 12:52:19,-83,16.5,Foreground,0.630000
176_E70CE80A-F0E3-4B6D-96D3-BE5540BD9CDB,137,2021-08-24 12:52:19,-60,0.6,Foreground,0.630000
265_79168CDD-F79A-40DD-A8B8-945F7C0F11C7,133,2021-08-24 12:52:20,-68,0.9,Foreground,0.630000
265_79168CDD-F79A-40DD-A8B8-945F7C0F11C7,139,2021-08-24 12:52:20,-90,25.5,Foreground,0.630000
874_B28E7807-3517-4048-90CD-29E4826AE511,135,2021-08-24 12:52:20,-66,1.0,Foreground,0.630000
462_DB983EA6-33C3-4EB3-8C58-BB61B2C880CF,132,2021-08-24 12:52:20,-59,0.4,Foreground,0.630000
462_DB983EA6-33C3-4EB3-8C58-BB61B2C880CF,136,2021-08-24 12:52:20,-65,0.4,Foreground,0.630000
462_DB983EA6-33C3-4EB3-8C58-BB61B2C880CF,134,2021-08-24 12:52:20,-80,1.2,Foreground,0.630000
462_DB983EA6-33C3-4EB3-8C58-BB61B2C880CF,142,2021-08-24 12:52:20,-81,13.6,Foreground,0.630000
462_DB983EA6-33C3-4EB3-8C58-BB61B2C880CF,140,2021-08-24 12:52:20,-83,14.4,Foreground,0.630000
462_DB983EA6-33C3-4EB3-8C58-BB61B2C880CF,138,2021-08-24 12:52:20,-90,15.6,Foreground,0.630000
889_E70CE80A-F0E3-4B6D-96D3-BE5540BD9CDB,137,2021-08-24 12:52:20,-61,0.6,Foreground,0.630000
889_E70CE80A-F0E3-4B6D-96D3-BE5540BD9CDB,143,2021-08-24 12:52:20,-86,14.6,Foreground,0.630000
312_79168CDD-F79A-40DD-A8B8-945F7C0F11C7,133,2021-08-24 12:52:21,-61,0.8,Foreground,0.630000
312_79168CDD-F79A-40DD-A8B8-945F7C0F11C7,139,2021-08-24 12:52:21,-90,25.3,Foreground,0.630000
791_B28E7807-3517-4048-90CD-29E4826AE511,135,2021-08-24 12:52:21,-74,1.3,Foreground,0.630000
124_DB983EA6-33C3-4EB3-8C58-BB61B2C880CF,136,2021-08-24 12:52:21,-66,0.6,Foreground,0.630000
124_DB983EA6-33C3-4EB3-8C58-BB61B2C880CF,132,2021-08-24 12:52:21,-75,0.7,Foreground,0.630000
124_DB983EA6-33C3-4EB3-8C58-BB61B2C880CF,134,2021-08-24 12:52:21,-75,1.5,Foreground,0.630000
124_DB983EA6-33C3-4EB3-8C58-BB61B2C880CF,142,2021-08-24 12:52:21,-86,13.7,Foreground,0.630000
124_DB983EA6-33C3-4EB3-8C58-BB61B2C880CF,140,2021-08-24 12:52:21,-84,13.7,Foreground,0.630000
50_E70CE80A-F0E3-4B6D-96D3-BE5540BD9CDB,137,2021-08-24 12:52:21,-57,0.5,Foreground,0.630000
50_E70CE80A-F0E3-4B6D-96D3-BE5540BD9CDB,143,2021-08-24 12:52:21,-82,12.9,Foreground,0.630000
892_79168CDD-F79A-40DD-A8B8-945F7C0F11C7,133,2021-08-24 12:52:22,-59,0.6,Foreground,0.630000
255_B28E7807-3517-4048-90CD-29E4826AE511,135,2021-08-24 12:52:22,-72,1.5,Foreground,0.630000
255_B28E7807-3517-4048-90CD-29E4826AE511,141,2021-08-24 12:52:22,-87,15.5,Foreground,0.630000
524_DB983EA6-33C3-4EB3-8C58-BB61B2C880CF,136,2021-08-24 12:52:22,-58,0.5,Foreground,0.630000
524_DB983EA6-33C3-4EB3-8C58-BB61B2C880CF,132,2021-08-24 12:52:22,-67,0.9,Foreground,0.630000
524_DB983EA6-33C3-4EB3-8C58-BB61B2C880CF,134,2021-08-24 12:52:22,-72,1.8,Foreground,0.630000
524_DB983EA6-33C3-4EB3-8C58-BB61B2C880CF,142,2021-08-24 12:52:22,-86,13.8,Foreground,0.630000
524_DB983EA6-33C3-4EB3-8C58-BB61B2C880CF,138,2021-08-24 12:52:22,-87,15.8,Foreground,0.630000
382_E70CE80A-F0E3-4B6D-96D3-BE5540BD9CDB,137,2021-08-24 12:52:22,-57,0.4,Foreground,0.630000
382_E70CE80A-F0E3-4B6D-96D3-BE5540BD9CDB,143,2021-08-24 12:52:22,-82,11.9,Foreground,0.630000
696_79168CDD-F79A-40DD-A8B8-945F7C0F11C7,133,2021-08-24 12:52:23,-72,0.9,Foreground,0.630000
767_B28E7807-3517-4048-90CD-29E4826AE511,135,2021-08-24 12:52:23,-72,1.7,Foreground,0.630000
767_B28E7807-3517-4048-90CD-29E4826AE511,141,2021-08-24 12:52:23,-84,14.2,Foreground,0.630000
865_DB983EA6-33C3-4EB3-8C58-BB61B2C880CF,136,2021-08-24 12:52:23,-57,0.4,Foreground,0.630000
865_DB983EA6-33C3-4EB3-8C58-BB61B2C880CF,132,2021-08-24 12:52:23,-66,1.0,Foreground,0.630000
865_DB983EA6-33C3-4EB3-8C58-BB61B2C880CF,134,2021-08-24 12:52:23,-66,1.5,Foreground,0.630000
865_DB983EA6-33C3-4EB3-8C58-BB61B2C880CF,142,2021-08-24 12:52:23,-86,13.9,Foreground,0.630000
865_DB983EA6-33C3-4EB3-8C58-BB61B2C880CF,138,2021-08-24 12:52:23,-87,15.9,Foreground,0.630000
549_E70CE80A-F0E3-4B6D-96D3-BE5540BD9CDB,137,2021-08-24 12:52:23,-66,0.6,Foreground,0.630000
549_E70CE80A-F0E3-4B6D-96D3-BE5540BD9CDB,143,2021-08-24 12:52:23,-88,12.7,Foreground,0.630000
708_79168CDD-F79A-40DD-A8B8-945F7C0F11C7,133,2021-08-24 12:52:24,-71,1.1,Foreground,0.630000
207_B28E7807-3517-4048-90CD-29E4826AE511,135,2021-08-24 12:52:24,-75,2.0,Foreground,0.630000
207_B28E7807-3517-4048-90CD-29E4826AE511,141,2021-08-24 12:52:24,-89,15.3,Foreground,0.630000
348_DB983EA6-33C3-4EB3-8C58-BB61B2C880CF,136,2021-08-24 12:52:24,-56,0.4,Foreground,0.630000
348_DB983EA6-33C3-4EB3-8C58-BB61B2C880CF,132,2021-08-24 12:52:24,-69,1.1,Foreground,0.630000
348_DB983EA6-33C3-4EB3-8C58-BB61B2C880CF,134,2021-08-24 12:52:24,-66,1.4,Foreground,0.630000
348_DB983EA6-33C3-4EB3-8C58-BB61B2C880CF,140,2021-08-24 12:52:24,-80,11.7,Foreground,0.630000
348_DB983EA6-33C3-4EB3-8C58-BB61B2C880CF,142,2021-08-24 12:52:24,-86,13.9,Foreground,0.630000
911_E70CE80A-F0E3-4B6D-96D3-BE5540BD9CDB,137,2021-08-24 12:52:24,-67,0.8,Foreground,0.630000
911_E70CE80A-F0E3-4B6D-96D3-BE5540BD9CDB,143,2021-08-24 12:52:24,-93,14.0,Foreground,0.630000
675_79168CDD-F79A-40DD-A8B8-945F7C0F11C7,133,2021-08-24 12:52:25,-71,1.4,Foreground,0.630000
52_B28E7807-3517-4048-90CD-29E4826AE511,135,2021-08-24 12:52:25,-65,1.6,Foreground,0.630000
509_DB983EA6-33C3-4EB3-8C58-BB61B2C880CF,136,2021-08-24 12:52:25,-69,0.6,Foreground,0.630000
509_DB983EA6-33C3-4EB3-8C58-BB61B2C880CF,134,2021-08-24 12:52:25,-65,1.2,Foreground,0.630000
509_DB983EA6-33C3-4EB3-8C58-BB61B2C880CF,132,2021-08-24 12:52:25,-70,1.3,Foreground,0.630000
509_DB983EA6-33C3-4EB3-8C58-BB61B2C880CF,142,2021-08-24 12:52:25,-90,14.6,Foreground,0.630000
374_E70CE80A-F0E3-4B6D-96D3-BE5540BD9CDB,137,2021-08-24 12:52:25,-63,0.8,Foreground,0.630000
374_E70CE80A-F0E3-4B6D-96D3-BE5540BD9CDB,143,2021-08-24 12:52:25,-90,14.9,Foreground,0.630000
28_79168CDD-F79A-40DD-A8B8-945F7C0F11C7,133,2021-08-24 12:52:26,-64,1.2,Foreground,0.630000
28_79168CDD-F79A-40DD-A8B8-945F7C0F11C7,139,2021-08-24 12:52:26,-89,24.8,Foreground,0.630000
819_B28E7807-3517-4048-90CD-29E4826AE511,135,2021-08-24 12:52:26,-69,1.6,Foreground,0.630000
819_B28E7807-3517-4048-90CD-29E4826AE511,141,2021-08-24 12:52:26,-90,16.4,Foreground,0.630000
434_DB983EA6-33C3-4EB3-8C58-BB61B2C880CF,136,2021-08-24 12:52:26,-65,0.7,Foreground,0.630000
434_DB983EA6-33C3-4EB3-8C58-BB61B2C880CF,134,2021-08-24 12:52:26,-66,1.2,Foreground,0.630000
434_DB983EA6-33C3-4EB3-8C58-BB61B2C880CF,132,2021-08-24 12:52:26,-67,1.3,Foreground,0.630000
530_E70CE80A-F0E3-4B6D-96D3-BE5540BD9CDB,137,2021-08-24 12:52:26,-71,1.0,Foreground,0.630000
530_E70CE80A-F0E3-4B6D-96D3-BE5540BD9CDB,143,2021-08-24 12:52:26,-89,15.5,Foreground,0.630000
289_79168CDD-F79A-40DD-A8B8-945F7C0F11C7,133,2021-08-24 12:52:27,-71,1.4,Foreground,0.630000
289_79168CDD-F79A-40DD-A8B8-945F7C0F11C7,139,2021-08-24 12:52:27,-89,24.0,Foreground,0.630000
289_79168CDD-F79A-40DD-A8B8-945F7C0F11C7,121,2021-08-24 12:52:27,-94,40.8,Foreground,0.630000
349_B28E7807-3517-4048-90CD-29E4826AE511,135,2021-08-24 12:52:27,-70,1.7,Foreground,0.630000
349_B28E7807-3517-4048-90CD-29E4826AE511,141,2021-08-24 12:52:27,-90,17.5,Foreground,0.630000
664_DB983EA6-33C3-4EB3-8C58-BB61B2C880CF,136,2021-08-24 12:52:27,-59,0.6,Foreground,0.630000
664_DB983EA6-33C3-4EB3-8C58-BB61B2C880CF,134,2021-08-24 12:52:27,-67,1.2,Foreground,0.630000
664_DB983EA6-33C3-4EB3-8C58-BB61B2C880CF,132,2021-08-24 12:52:27,-68,1.4,Foreground,0.630000
21_E70CE80A-F0E3-4B6D-96D3-BE5540BD9CDB,137,2021-08-24 12:52:27,-70,1.2,Foreground,0.630000
936_79168CDD-F79A-40DD-A8B8-945F7C0F11C7,133,2021-08-24 12:52:28,-69,1.4,Foreground,0.630000
936_79168CDD-F79A-40DD-A8B8-945F7C0F11C7,139,2021-08-24 12:52:28,-89,23.5,Foreground,0.630000
936_79168CDD-F79A-40DD-A8B8-945F7C0F11C7,121,2021-08-24 12:52:28,-94,40.8,Foreground,0.630000
266_B28E7807-3517-4048-90CD-29E4826AE511,135,2021-08-24 12:52:28,-63,1.3,Foreground,0.630000
521_DB983EA6-33C3-4EB3-8C58-BB61B2C880CF,136,2021-08-24 12:52:28,-68,0.8,Foreground,0.630000
521_DB983EA6-33C3-4EB3-8C58-BB61B2C880CF,132,2021-08-24 12:52:28,-59,0.9,Foreground,0.630000
521_DB983EA6-33C3-4EB3-8C58-BB61B2C880CF,134,2021-08-24 12:52:28,-75,1.5,Foreground,0.630000
521_DB983EA6-33C3-4EB3-8C58-BB61B2C880CF,142,2021-08-24 12:52:28,-87,14.8,Foreground,0.630000
276_E70CE80A-F0E3-4B6D-96D3-BE5540BD9CDB,137,2021-08-24 12:52:28,-61,0.9,Foreground,0.630000
276_E70CE80A-F0E3-4B6D-96D3-BE5540BD9CDB,143,2021-08-24 12:52:28,-91,16.4,Foreground,0.630000
674_79168CDD-F79A-40DD-A8B8-945F7C0F11C7,133,2021-08-24 12:52:29,-65,1.3,Foreground,0.630000
217_B28E7807-3517-4048-90CD-29E4826AE511,135,2021-08-24 12:52:29,-59,0.8,Foreground,0.630000
682_DB983EA6-33C3-4EB3-8C58-BB61B2C880CF,132,2021-08-24 12:52:29,-64,0.9,Foreground,0.630000
682_DB983EA6-33C3-4EB3-8C58-BB61B2C880CF,136,2021-08-24 12:52:29,-68,1.0,Foreground,0.630000
682_DB983EA6-33C3-4EB3-8C58-BB61B2C880CF,134,2021-08-24 12:52:29,-76,1.9,Foreground,0.630000
682_DB983EA6-33C3-4EB3-8C58-BB61B2C880CF,142,2021-08-24 12:52:29,-87,15.1,Foreground,0.630000
645_E70CE80A-F0E3-4B6D-96D3-BE5540BD9CDB,137,2021-08-24 12:52:29,-60,0.7,Foreground,0.630000
645_E70CE80A-F0E3-4B6D-96D3-BE5540BD9CDB,143,2021-08-24 12:52:29,-91,17.4,Foreground,0.630000
78_79168CDD-F79A-40DD-A8B8-945F7C0F11C7,133,2021-08-24 12:52:30,-64,1.1,Foreground,0.630000
374_B28E7807-3517-4048-90CD-29E4826AE511,135,2021-08-24 12:52:30,-61,0.7,Foreground,0.630000
29_DB983EA6-33C3-4EB3-8C58-BB61B2C880CF,136,2021-08-24 12:52:30,-69,1.1,Foreground,0.630000
29_DB983EA6-33C3-4EB3-8C58-BB61B2C880CF,132,2021-08-24 12:52:30,-73,1.1,Foreground,0.630000
29_DB983EA6-33C3-4EB3-8C58-BB61B2C880CF,134,2021-08-24 12:52:30,-73,2.1,Foreground,0.630000
29_DB983EA6-33C3-4EB3-8C58-BB61B2C880CF,138,2021-08-24 12:52:30,-91,17.2,Foreground,0.630000
39_E70CE80A-F0E3-4B6D-96D3-BE5540BD9CDB,137,2021-08-24 12:52:30,-55,0.5,Foreground,0.630000
39_E70CE80A-F0E3-4B6D-96D3-BE5540BD9CDB,143,2021-08-24 12:52:30,-87,17.3,Foreground,0.630000
153_79168CDD-F79A-40DD-A8B8-945F7C0F11C7,133,2021-08-24 12:52:31,-60,0.8,Foreground,0.630000
651_B28E7807-3517-4048-90CD-29E4826AE511,135,2021-08-24 12:52:31,-66,0.8,Foreground,0.630000
651_B28E7807-3517-4048-90CD-29E4826AE511,141,2021-08-24 12:52:31,-90,18.3,Foreground,0.630000
592_DB983EA6-33C3-4EB3-8C58-BB61B2C880CF,136,2021-08-24 12:52:31,-59,0.8,Foreground,0.630000
592_DB983EA6-33C3-4EB3-8C58-BB61B2C880CF,132,2021-08-24 12:52:31,-68,1.2,Foreground,0.630000
592_DB983EA6-33C3-4EB3-8C58-BB61B2C880CF,134,2021-08-24 12:52:31,-68,1.9,Foreground,0.630000
592_DB983EA6-33C3-4EB3-8C58-BB61B2C880CF,142,2021-08-24 12:52:31,-90,16.1,Foreground,0.630000
592_DB983EA6-33C3-4EB3-8C58-BB61B2C880CF,138,2021-08-24 12:52:31,-94,22.3,Foreground,0.630000
779_E70CE80A-F0E3-4B6D-96D3-BE5540BD9CDB,137,2021-08-24 12:52:31,-55,0.4,Foreground,0.630000
779_E70CE80A-F0E3-4B6D-96D3-BE5540BD9CDB,143,2021-08-24 12:52:31,-88,17.5,Foreground,0.630000
587_79168CDD-F79A-40DD-A8B8-945F7C0F11C7,133,2021-08-24 12:52:32,-73,1.1,Foreground,0.630000
943_B28E7807-3517-4048-90CD-29E4826AE511,135,2021-08-24 12:52:32,-77,1.2,Foreground,0.630000
466_DB983EA6-33C3-4EB3-8C58-BB61B2C880CF,136,2021-08-24 12:52:32,-56,0.5,Foreground,0.630000
466_DB983EA6-33C3-4EB3-8C58-BB61B2C880CF,132,2021-08-24 12:52:32,-67,1.3,Foreground,0.630000
466_DB983EA6-33C3-4EB3-8C58-BB61B2C880CF,134,2021-08-24 12:52:32,-67,1.7,Foreground,0.630000
466_DB983EA6-33C3-4EB3-8C58-BB61B2C880CF,142,2021-08-24 12:52:32,-88,16.5,Foreground,0.630000
466_DB983EA6-33C3-4EB3-8C58-BB61B2C880CF,138,2021-08-24 12:52:32,-85,18.4,Foreground,0.630000
951_E70CE80A-F0E3-4B6D-96D3-BE5540BD9CDB,137,2021-08-24 12:52:32,-67,0.5,Foreground,0.630000
535_79168CDD-F79A-40DD-A8B8-945F7C0F11C7,133,2021-08-24 12:52:33,-73,1.4,Foreground,0.630000
535_79168CDD-F79A-40DD-A8B8-945F7C0F11C7,139,2021-08-24 12:52:33,-85,20.7,Foreground,0.630000
535_79168CDD-F79A-40DD-A8B8-945F7C0F11C7,121,2021-08-24 12:52:33,-89,35.5,Foreground,0.630000
983_B28E7807-3517-4048-90CD-29E4826AE511,135,2021-08-24 12:52:33,-73,1.5,Foreground,0.630000
512_DB983EA6-33C3-4EB3-8C58-BB61B2C880CF,136,2021-08-24 12:52:33,-54,0.3,Foreground,0.630000
512_DB983EA6-33C3-4EB3-8C58-BB61B2C880CF,132,2021-08-24 12:52:33,-66,1.2,Foreground,0.630000
512_DB983EA6-33C3-4EB3-8C58-BB61B2C880CF,134,2021-08-24 12:52:33,-67,1.6,Foreground,0.630000
512_DB983EA6-33C3-4EB3-8C58-BB61B2C880CF,140,2021-08-24 12:52:33,-91,13.5,Foreground,0.630000
512_DB983EA6-33C3-4EB3-8C58-BB61B2C880CF,138,2021-08-24 12:52:33,-85,16.8,Foreground,0.630000
512_DB983EA6-33C3-4EB3-8C58-BB61B2C880CF,142,2021-08-24 12:52:33,-91,17.6,Foreground,0.630000
540_E70CE80A-F0E3-4B6D-96D3-BE5540BD9CDB,137,2021-08-24 12:52:33,-62,0.6,Foreground,0.630000
420_79168CDD-F79A-40DD-A8B8-945F7C0F11C7,133,2021-08-24 12:52:34,-68,1.4,Foreground,0.630000
420_79168CDD-F79A-40DD-A8B8-945F7C0F11C7,139,2021-08-24 12:52:34,-88,20.2,Foreground,0.630000
451_B28E7807-3517-4048-90CD-29E4826AE511,135,2021-08-24 12:52:34,-73,1.7,Foreground,0.630000
451_B28E7807-3517-4048-90CD-29E4826AE511,141,2021-08-24 12:52:34,-93,20.8,Foreground,0.630000
141_DB983EA6-33C3-4EB3-8C58-BB61B2C880CF,136,2021-08-24 12:52:34,-56,0.3,Foreground,0.630000
141_DB983EA6-33C3-4EB3-8C58-BB61B2C880CF,132,2021-08-24 12:52:34,-63,1.0,Foreground,0.630000
141_DB983EA6-33C3-4EB3-8C58-BB61B2C880CF,142,2021-08-24 12:52:34,-93,18.9,Foreground,0.630000
141_DB983EA6-33C3-4EB3-8C58-BB61B2C880CF,140,2021-08-24 12:52:34,-91,19.0,Foreground,0.630000
424_E70CE80A-F0E3-4B6D-96D3-BE5540BD9CDB,137,2021-08-24 12:52:34,-61,0.6,Foreground,0.630000
424_E70CE80A-F0E3-4B6D-96D3-BE5540BD9CDB,143,2021-08-24 12:52:34,-95,18.9,Foreground,0.630000
186_79168CDD-F79A-40DD-A8B8-945F7C0F11C7,133,2021-08-24 12:52:35,-64,1.2,Foreground,0.630000
186_79168CDD-F79A-40DD-A8B8-945F7C0F11C7,139,2021-08-24 12:52:35,-88,19.9,Foreground,0.630000
447_B28E7807-3517-4048-90CD-29E4826AE511,135,2021-08-24 12:52:35,-78,2.2,Foreground,0.630000
447_B28E7807-3517-4048-90CD-29E4826AE511,141,2021-08-24 12:52:35,-92,22.6,Foreground,0.630000
804_DB983EA6-33C3-4EB3-8C58-BB61B2C880CF,136,2021-08-24 12:52:35,-68,0.5,Foreground,0.630000
804_DB983EA6-33C3-4EB3-8C58-BB61B2C880CF,132,2021-08-24 12:52:35,-69,1.2,Foreground,0.630000
804_DB983EA6-33C3-4EB3-8C58-BB61B2C880CF,134,2021-08-24 12:52:35,-75,1.8,Foreground,0.630000
18_E70CE80A-F0E3-4B6D-96D3-BE5540BD9CDB,137,2021-08-24 12:52:35,-57,0.5,Foreground,0.630000
18_E70CE80A-F0E3-4B6D-96D3-BE5540BD9CDB,143,2021-08-24 12:52:35,-95,21.0,Foreground,0.630000
905_79168CDD-F79A-40DD-A8B8-945F7C0F11C7,133,2021-08-24 12:52:36,-64,1.1,Foreground,0.630000
248_B28E7807-3517-4048-90CD-29E4826AE511,135,2021-08-24 12:52:36,-77,2.5,Foreground,0.630000
248_B28E7807-3517-4048-90CD-29E4826AE511,141,2021-08-24 12:52:36,-91,23.5,Foreground,0.630000
204_DB983EA6-33C3-4EB3-8C58-BB61B2C880CF,136,2021-08-24 12:52:36,-66,0.7,Foreground,0.630000
204_DB983EA6-33C3-4EB3-8C58-BB61B2C880CF,132,2021-08-24 12:52:36,-69,1.3,Foreground,0.630000
204_DB983EA6-33C3-4EB3-8C58-BB61B2C880CF,134,2021-08-24 12:52:36,-66,1.5,Foreground,0.630000
204_DB983EA6-33C3-4EB3-8C58-BB61B2C880CF,138,2021-08-24 12:52:36,-91,18.2,Foreground,0.630000
404_E70CE80A-F0E3-4B6D-96D3-BE5540BD9CDB,137,2021-08-24 12:52:36,-57,0.4,Foreground,0.630000
404_E70CE80A-F0E3-4B6D-96D3-BE5540BD9CDB,143,2021-08-24 12:52:36,-85,19.2,Foreground,0.630000
642_79168CDD-F79A-40DD-A8B8-945F7C0F11C7,133,2021-08-24 12:52:37,-70,1.2,Foreground,0.630000
858_B28E7807-3517-4048-90CD-29E4826AE511,135,2021-08-24 12:52:37,-72,2.5,Foreground,0.630000
858_B28E7807-3517-4048-90CD-29E4826AE511,141,2021-08-24 12:52:37,-89,23.1,Foreground,0.630000
322_DB983EA6-33C3-4EB3-8C58-BB61B2C880CF,136,2021-08-24 12:52:37,-62,0.7,Foreground,0.630000
322_DB983EA6-33C3-4EB3-8C58-BB61B2C880CF,134,2021-08-24 12:52:37,-66,1.3,Foreground,0.630000
322_DB983EA6-33C3-4EB3-8C58-BB61B2C880CF,132,2021-08-24 12:52:37,-69,1.4,Foreground,0.630000
322_DB983EA6-33C3-4EB3-8C58-BB61B2C880CF,142,2021-08-24 12:52:37,-86,18.2,Foreground,0.630000
322_DB983EA6-33C3-4EB3-8C58-BB61B2C880CF,138,2021-08-24 12:52:37,-91,19.7,Foreground,0.630000
727_E70CE80A-F0E3-4B6D-96D3-BE5540BD9CDB,137,2021-08-24 12:52:37,-67,0.6,Foreground,0.630000
119_79168CDD-F79A-40DD-A8B8-945F7C0F11C7,133,2021-08-24 12:52:38,-82,1.7,Foreground,0.630000
119_79168CDD-F79A-40DD-A8B8-945F7C0F11C7,121,2021-08-24 12:52:38,-90,32.2,Foreground,0.630000
628_B28E7807-3517-4048-90CD-29E4826AE511,135,2021-08-24 12:52:38,-72,2.5,Foreground,0.630000
80_DB983EA6-33C3-4EB3-8C58-BB61B2C880CF,136,2021-08-24 12:52:38,-63,0.7,Foreground,0.630000
80_DB983EA6-33C3-4EB3-8C58-BB61B2C880CF,134,2021-08-24 12:52:38,-59,0.8,Foreground,0.630000
80_DB983EA6-33C3-4EB3-8C58-BB61B2C880CF,132,2021-08-24 12:52:38,-67,1.4,Foreground,0.630000
80_DB983EA6-33C3-4EB3-8C58-BB61B2C880CF,142,2021-08-24 12:52:38,-87,17.9,Foreground,0.630000
477_E70CE80A-F0E3-4B6D-96D3-BE5540BD9CDB,137,2021-08-24 12:52:38,-68,0.8,Foreground,0.630000
662_79168CDD-F79A-40DD-A8B8-945F7C0F11C7,133,2021-08-24 12:52:39,-69,1.7,Foreground,0.630000
662_79168CDD-F79A-40DD-A8B8-945F7C0F11C7,139,2021-08-24 12:52:39,-88,19.7,Foreground,0.630000
662_79168CDD-F79A-40DD-A8B8-945F7C0F11C7,121,2021-08-24 12:52:39,-90,29.7,Foreground,0.630000
589_B28E7807-3517-4048-90CD-29E4826AE511,135,2021-08-24 12:52:39,-70,2.3,Foreground,0.630000
589_B28E7807-3517-4048-90CD-29E4826AE511,141,2021-08-24 12:52:39,-94,24.8,Foreground,0.630000
181_DB983EA6-33C3-4EB3-8C58-BB61B2C880CF,136,2021-08-24 12:52:39,-70,1.0,Foreground,0.630000
181_DB983EA6-33C3-4EB3-8C58-BB61B2C880CF,134,2021-08-24 12:52:39,-72,1.1,Foreground,0.630000
181_DB983EA6-33C3-4EB3-8C58-BB61B2C880CF,132,2021-08-24 12:52:39,-67,1.3,Foreground,0.630000
181_DB983EA6-33C3-4EB3-8C58-BB61B2C880CF,140,2021-08-24 12:52:39,-84,15.3,Foreground,0.630000
84_E70CE80A-F0E3-4B6D-96D3-BE5540BD9CDB,137,2021-08-24 12:52:39,-73,1.1,Foreground,0.630000
84_E70CE80A-F0E3-4B6D-96D3-BE5540BD9CDB,143,2021-08-24 12:52:39,-92,20.3,Foreground,0.630000
477_79168CDD-F79A-40DD-A8B8-945F7C0F11C7,133,2021-08-24 12:52:40,-64,1.3,Foreground,0.630000
477_79168CDD-F79A-40DD-A8B8-945F7C0F11C7,139,2021-08-24 12:52:40,-88,19.5,Foreground,0.630000
884_B28E7807-3517-4048-90CD-29E4826AE511,135,2021-08-24 12:52:40,-73,2.4,Foreground,0.630000
322_DB983EA6-33C3-4EB3-8C58-BB61B2C880CF,136,2021-08-24 12:52:40,-66,1.0,Foreground,0.630000
322_DB983EA6-33C3-4EB3-8C58-BB61B2C880CF,134,2021-08-24 12:52:40,-72,1.3,Foreground,0.630000
322_DB983EA6-33C3-4EB3-8C58-BB61B2C880CF,132,2021-08-24 12:52:40,-71,1.5,Foreground,0.630000
172_E70CE80A-F0E3-4B6D-96D3-BE5540BD9CDB,137,2021-08-24 12:52:40,-54,0.5,Foreground,0.630000
172_E70CE80A-F0E3-4B6D-96D3-BE5540BD9CDB,143,2021-08-24 12:52:40,-92,21.7,Foreground,0.630000
108_79168CDD-F79A-40DD-A8B8-945F7C0F11C7,133,2021-08-24 12:52:41,-66,1.3,Foreground,0.630000
325_B28E7807-3517-4048-90CD-29E4826AE511,135,2021-08-24 12:52:41,-75,2.6,Foreground,0.630000
54_DB983EA6-33C3-4EB3-8C58-BB61B2C880CF,136,2021-08-24 12:52:41,-65,1.0,Foreground,0.630000
54_DB983EA6-33C3-4EB3-8C58-BB61B2C880CF,132,2021-08-24 12:52:41,-70,1.6,Foreground,0.630000
54_DB983EA6-33C3-4EB3-8C58-BB61B2C880CF,134,2021-08-24 12:52:41,-77,1.7,Foreground,0.630000
54_DB983EA6-33C3-4EB3-8C58-BB61B2C880CF,138,2021-08-24 12:52:41,-92,23.4,Foreground,0.630000
283_E70CE80A-F0E3-4B6D-96D3-BE5540BD9CDB,137,2021-08-24 12:52:41,-53,0.3,Foreground,0.630000
283_E70CE80A-F0E3-4B6D-96D3-BE5540BD9CDB,143,2021-08-24 12:52:41,-87,20.7,Foreground,0.630000
52_79168CDD-F79A-40DD-A8B8-945F7C0F11C7,133,2021-08-24 12:52:42,-68,1.3,Foreground,0.630000
53_B28E7807-3517-4048-90CD-29E4826AE511,135,2021-08-24 12:52:42,-76,2.9,Foreground,0.630000
53_B28E7807-3517-4048-90CD-29E4826AE511,141,2021-08-24 12:52:42,-89,24.2,Foreground,0.630000
235_DB983EA6-33C3-4EB3-8C58-BB61B2C880CF,136,2021-08-24 12:52:42,-60,0.8,Foreground,0.630000
235_DB983EA6-33C3-4EB3-8C58-BB61B2C880CF,132,2021-08-24 12:52:42,-68,1.6,Foreground,0.630000
235_DB983EA6-33C3-4EB3-8C58-BB61B2C880CF,134,2021-08-24 12:52:42,-76,2.1,Foreground,0.630000
892_E70CE80A-F0E3-4B6D-96D3-BE5540BD9CDB,143,2021-08-24 12:52:42,-85,19.1,Foreground,0.630000
647_79168CDD-F79A-40DD-A8B8-945F7C0F11C7,133,2021-08-24 12:52:43,-72,1.5,Foreground,0.630000
647_79168CDD-F79A-40DD-A8B8-945F7C0F11C7,139,2021-08-24 12:52:43,-95,22.1,Foreground,0.630000
679_B28E7807-3517-4048-90CD-29E4826AE511,135,2021-08-24 12:52:43,-75,3.0,Foreground,0.630000
679_B28E7807-3517-4048-90CD-29E4826AE511,141,2021-08-24 12:52:43,-87,22.4,Foreground,0.630000
885_DB983EA6-33C3-4EB3-8C58-BB61B2C880CF,136,2021-08-24 12:52:43,-57,0.5,Foreground,0.630000
885_DB983EA6-33C3-4EB3-8C58-BB61B2C880CF,132,2021-08-24 12:52:43,-68,1.5,Foreground,0.630000
885_DB983EA6-33C3-4EB3-8C58-BB61B2C880CF,134,2021-08-24 12:52:43,-75,2.4,Foreground,0.630000
885_DB983EA6-33C3-4EB3-8C58-BB61B2C880CF,142,2021-08-24 12:52:43,-88,18.1,Foreground,0.630000
408_E70CE80A-F0E3-4B6D-96D3-BE5540BD9CDB,137,2021-08-24 12:52:43,-65,0.5,Foreground,0.630000
793_79168CDD-F79A-40DD-A8B8-945F7C0F11C7,133,2021-08-24 12:52:44,-70,1.6,Foreground,0.630000
434_B28E7807-3517-4048-90CD-29E4826AE511,135,2021-08-24 12:52:44,-67,2.3,Foreground,0.630000
70_DB983EA6-33C3-4EB3-8C58-BB61B2C880CF,136,2021-08-24 12:52:44,-52,0.3,Foreground,0.630000
70_DB983EA6-33C3-4EB3-8C58-BB61B2C880CF,134,2021-08-24 12:52:44,-71,2.3,Foreground,0.630000
70_DB983EA6-33C3-4EB3-8C58-BB61B2C880CF,142,2021-08-24 12:52:44,-87,17.7,Foreground,0.630000
70_DB983EA6-33C3-4EB3-8C58-BB61B2C880CF,140,2021-08-24 12:52:44,-90,17.9,Foreground,0.630000
818_E70CE80A-F0E3-4B6D-96D3-BE5540BD9CDB,137,2021-08-24 12:52:44,-60,0.5,Foreground,0.630000
Rule 4
756_79168CDD-F79A-40DD-A8B8-945F7C0F11C7,133,2021-08-24 12:52:45,-66,1.4,Foreground,0.630000
756_79168CDD-F79A-40DD-A8B8-945F7C0F11C7,139,2021-08-24 12:52:45,-86,19.9,Foreground,0.630000
957_B28E7807-3517-4048-90CD-29E4826AE511,135,2021-08-24 12:52:45,-66,1.9,Foreground,0.630000
972_DB983EA6-33C3-4EB3-8C58-BB61B2C880CF,136,2021-08-24 12:52:45,-57,0.3,Foreground,0.630000
972_DB983EA6-33C3-4EB3-8C58-BB61B2C880CF,132,2021-08-24 12:52:45,-70,1.6,Foreground,0.630000
972_DB983EA6-33C3-4EB3-8C58-BB61B2C880CF,134,2021-08-24 12:52:45,-72,2.3,Foreground,0.630000
972_DB983EA6-33C3-4EB3-8C58-BB61B2C880CF,142,2021-08-24 12:52:45,-86,16.9,Foreground,0.630000
972_DB983EA6-33C3-4EB3-8C58-BB61B2C880CF,140,2021-08-24 12:52:45,-90,20.0,Foreground,0.630000
248_E70CE80A-F0E3-4B6D-96D3-BE5540BD9CDB,137,2021-08-24 12:52:45,-60,0.5,Foreground,0.630000
553_79168CDD-F79A-40DD-A8B8-945F7C0F11C7,133,2021-08-24 12:52:46,-68,1.5,Foreground,0.630000
476_B28E7807-3517-4048-90CD-29E4826AE511,135,2021-08-24 12:52:46,-68,1.8,Foreground,0.630000
686_DB983EA6-33C3-4EB3-8C58-BB61B2C880CF,136,2021-08-24 12:52:46,-66,0.5,Foreground,0.630000
686_DB983EA6-33C3-4EB3-8C58-BB61B2C880CF,132,2021-08-24 12:52:46,-70,1.7,Foreground,0.630000
686_DB983EA6-33C3-4EB3-8C58-BB61B2C880CF,134,2021-08-24 12:52:46,-75,2.6,Foreground,0.630000
686_DB983EA6-33C3-4EB3-8C58-BB61B2C880CF,140,2021-08-24 12:52:46,-94,23.4,Foreground,0.630000
860_E70CE80A-F0E3-4B6D-96D3-BE5540BD9CDB,137,2021-08-24 12:52:46,-56,0.4,Foreground,0.630000
860_E70CE80A-F0E3-4B6D-96D3-BE5540BD9CDB,143,2021-08-24 12:52:46,-83,17.1,Foreground,0.630000
241_79168CDD-F79A-40DD-A8B8-945F7C0F11C7,133,2021-08-24 12:52:47,-59,0.9,Foreground,0.630000
930_B28E7807-3517-4048-90CD-29E4826AE511,135,2021-08-24 12:52:47,-75,2.0,Foreground,0.630000
930_B28E7807-3517-4048-90CD-29E4826AE511,141,2021-08-24 12:52:47,-88,21.8,Foreground,0.630000
574_DB983EA6-33C3-4EB3-8C58-BB61B2C880CF,136,2021-08-24 12:52:47,-66,0.7,Foreground,0.630000
574_DB983EA6-33C3-4EB3-8C58-BB61B2C880CF,132,2021-08-24 12:52:47,-71,1.9,Foreground,0.630000
574_DB983EA6-33C3-4EB3-8C58-BB61B2C880CF,134,2021-08-24 12:52:47,-69,2.3,Foreground,0.630000
574_DB983EA6-33C3-4EB3-8C58-BB61B2C880CF,138,2021-08-24 12:52:47,-87,21.8,Foreground,0.630000
920_E70CE80A-F0E3-4B6D-96D3-BE5540BD9CDB,137,2021-08-24 12:52:47,-54,0.3,Foreground,0.630000
920_E70CE80A-F0E3-4B6D-96D3-BE5540BD9CDB,143,2021-08-24 12:52:47,-83,14.7,Foreground,0.630000
804_79168CDD-F79A-40DD-A8B8-945F7C0F11C7,133,2021-08-24 12:52:48,-66,1.0,Foreground,0.630000
93_B28E7807-3517-4048-90CD-29E4826AE511,135,2021-08-24 12:52:48,-72,2.1,Foreground,0.630000
93_B28E7807-3517-4048-90CD-29E4826AE511,141,2021-08-24 12:52:48,-88,21.1,Foreground,0.630000
183_DB983EA6-33C3-4EB3-8C58-BB61B2C880CF,136,2021-08-24 12:52:48,-56,0.5,Foreground,0.630000
183_DB983EA6-33C3-4EB3-8C58-BB61B2C880CF,134,2021-08-24 12:52:48,-61,1.4,Foreground,0.630000
183_DB983EA6-33C3-4EB3-8C58-BB61B2C880CF,132,2021-08-24 12:52:48,-67,1.6,Foreground,0.630000
183_DB983EA6-33C3-4EB3-8C58-BB61B2C880CF,142,2021-08-24 12:52:48,-90,18.0,Foreground,0.630000
183_DB983EA6-33C3-4EB3-8C58-BB61B2C880CF,140,2021-08-24 12:52:48,-89,23.0,Foreground,0.630000
414_E70CE80A-F0E3-4B6D-96D3-BE5540BD9CDB,137,2021-08-24 12:52:48,-66,0.5,Foreground,0.630000
414_E70CE80A-F0E3-4B6D-96D3-BE5540BD9CDB,143,2021-08-24 12:52:48,-84,13.9,Foreground,0.630000
310_79168CDD-F79A-40DD-A8B8-945F7C0F11C7,133,2021-08-24 12:52:49,-71,1.2,Foreground,0.630000
310_79168CDD-F79A-40DD-A8B8-945F7C0F11C7,139,2021-08-24 12:52:49,-91,21.2,Foreground,0.630000
824_B28E7807-3517-4048-90CD-29E4826AE511,135,2021-08-24 12:52:49,-66,1.7,Foreground,0.630000
331_DB983EA6-33C3-4EB3-8C58-BB61B2C880CF,136,2021-08-24 12:52:49,-54,0.3,Foreground,0.630000
331_DB983EA6-33C3-4EB3-8C58-BB61B2C880CF,132,2021-08-24 12:52:49,-63,1.2,Foreground,0.630000
331_DB983EA6-33C3-4EB3-8C58-BB61B2C880CF,134,2021-08-24 12:52:49,-69,1.4,Foreground,0.630000
331_DB983EA6-33C3-4EB3-8C58-BB61B2C880CF,140,2021-08-24 12:52:49,-89,22.7,Foreground,0.630000
972_E70CE80A-F0E3-4B6D-96D3-BE5540BD9CDB,137,2021-08-24 12:52:49,-64,0.6,Foreground,0.630000
780_79168CDD-F79A-40DD-A8B8-945F7C0F11C7,133,2021-08-24 12:52:50,-68,1.3,Foreground,0.630000
780_79168CDD-F79A-40DD-A8B8-945F7C0F11C7,139,2021-08-24 12:52:50,-93,23.6,Foreground,0.630000
780_79168CDD-F79A-40DD-A8B8-945F7C0F11C7,121,2021-08-24 12:52:50,-93,35.9,Foreground,0.630000
457_B28E7807-3517-4048-90CD-29E4826AE511,135,2021-08-24 12:52:50,-66,1.5,Foreground,0.630000
457_B28E7807-3517-4048-90CD-29E4826AE511,141,2021-08-24 12:52:50,-94,23.2,Foreground,0.630000
934_DB983EA6-33C3-4EB3-8C58-BB61B2C880CF,136,2021-08-24 12:52:50,-55,0.3,Foreground,0.630000
934_DB983EA6-33C3-4EB3-8C58-BB61B2C880CF,132,2021-08-24 12:52:50,-63,1.0,Foreground,0.630000
934_DB983EA6-33C3-4EB3-8C58-BB61B2C880CF,134,2021-08-24 12:52:50,-78,1.8,Foreground,0.630000
934_DB983EA6-33C3-4EB3-8C58-BB61B2C880CF,140,2021-08-24 12:52:50,-86,20.7,Foreground,0.630000
340_E70CE80A-F0E3-4B6D-96D3-BE5540BD9CDB,137,2021-08-24 12:52:50,-64,0.7,Foreground,0.630000
Rule 4
492_79168CDD-F79A-40DD-A8B8-945F7C0F11C7,133,2021-08-24 12:52:51,-61,0.9,Foreground,0.630000
492_79168CDD-F79A-40DD-A8B8-945F7C0F11C7,121,2021-08-24 12:52:51,-93,35.9,Foreground,0.630000
607_B28E7807-3517-4048-90CD-29E4826AE511,135,2021-08-24 12:52:51,-61,1.1,Foreground,0.630000
607_B28E7807-3517-4048-90CD-29E4826AE511,141,2021-08-24 12:52:51,-94,25.1,Foreground,0.630000
210_DB983EA6-33C3-4EB3-8C58-BB61B2C880CF,136,2021-08-24 12:52:51,-65,0.5,Foreground,0.630000
210_DB983EA6-33C3-4EB3-8C58-BB61B2C880CF,132,2021-08-24 12:52:51,-72,1.3,Foreground,0.630000
210_DB983EA6-33C3-4EB3-8C58-BB61B2C880CF,134,2021-08-24 12:52:51,-67,1.6,Foreground,0.630000
210_DB983EA6-33C3-4EB3-8C58-BB61B2C880CF,140,2021-08-24 12:52:51,-85,18.9,Foreground,0.630000
210_DB983EA6-33C3-4EB3-8C58-BB61B2C880CF,120,2021-08-24 12:52:51,-95,46.4,Foreground,0.630000
935_E70CE80A-F0E3-4B6D-96D3-BE5540BD9CDB,137,2021-08-24 12:52:51,-63,0.7,Foreground,0.630000
935_E70CE80A-F0E3-4B6D-96D3-BE5540BD9CDB,143,2021-08-24 12:52:51,-91,15.2,Foreground,0.630000
55_79168CDD-F79A-40DD-A8B8-945F7C0F11C7,133,2021-08-24 12:52:52,-60,0.7,Foreground,0.630000
826_B28E7807-3517-4048-90CD-29E4826AE511,135,2021-08-24 12:52:52,-69,1.2,Foreground,0.630000
771_DB983EA6-33C3-4EB3-8C58-BB61B2C880CF,136,2021-08-24 12:52:52,-61,0.5,Foreground,0.630000
771_DB983EA6-33C3-4EB3-8C58-BB61B2C880CF,132,2021-08-24 12:52:52,-71,1.5,Foreground,0.630000
771_DB983EA6-33C3-4EB3-8C58-BB61B2C880CF,134,2021-08-24 12:52:52,-69,1.6,Foreground,0.630000
771_DB983EA6-33C3-4EB3-8C58-BB61B2C880CF,142,2021-08-24 12:52:52,-93,20.2,Foreground,0.630000
763_E70CE80A-F0E3-4B6D-96D3-BE5540BD9CDB,137,2021-08-24 12:52:52,-56,0.5,Foreground,0.630000
763_E70CE80A-F0E3-4B6D-96D3-BE5540BD9CDB,143,2021-08-24 12:52:52,-86,15.1,Foreground,0.630000
55_79168CDD-F79A-40DD-A8B8-945F7C0F11C7,133,2021-08-24 12:52:53,-62,0.7,Foreground,0.630000
190_B28E7807-3517-4048-90CD-29E4826AE511,135,2021-08-24 12:52:53,-78,1.6,Foreground,0.630000
190_B28E7807-3517-4048-90CD-29E4826AE511,141,2021-08-24 12:52:53,-90,25.0,Foreground,0.630000
671_DB983EA6-33C3-4EB3-8C58-BB61B2C880CF,136,2021-08-24 12:52:53,-61,0.6,Foreground,0.630000
671_DB983EA6-33C3-4EB3-8C58-BB61B2C880CF,132,2021-08-24 12:52:53,-69,1.5,Foreground,0.630000
671_DB983EA6-33C3-4EB3-8C58-BB61B2C880CF,134,2021-08-24 12:52:53,-67,1.5,Foreground,0.630000
671_DB983EA6-33C3-4EB3-8C58-BB61B2C880CF,142,2021-08-24 12:52:53,-93,22.8,Foreground,0.630000
426_E70CE80A-F0E3-4B6D-96D3-BE5540BD9CDB,137,2021-08-24 12:52:53,-73,0.7,Foreground,0.630000
426_E70CE80A-F0E3-4B6D-96D3-BE5540BD9CDB,143,2021-08-24 12:52:53,-85,14.6,Foreground,0.630000
756_79168CDD-F79A-40DD-A8B8-945F7C0F11C7,133,2021-08-24 12:52:54,-69,0.9,Foreground,0.630000
756_79168CDD-F79A-40DD-A8B8-945F7C0F11C7,139,2021-08-24 12:52:54,-93,25.4,Foreground,0.630000
500_B28E7807-3517-4048-90CD-29E4826AE511,135,2021-08-24 12:52:54,-68,1.5,Foreground,0.630000
500_B28E7807-3517-4048-90CD-29E4826AE511,141,2021-08-24 12:52:54,-90,24.9,Foreground,0.630000
362_DB983EA6-33C3-4EB3-8C58-BB61B2C880CF,136,2021-08-24 12:52:54,-61,0.6,Foreground,0.630000
362_DB983EA6-33C3-4EB3-8C58-BB61B2C880CF,132,2021-08-24 12:52:54,-59,0.9,Foreground,0.630000
362_DB983EA6-33C3-4EB3-8C58-BB61B2C880CF,134,2021-08-24 12:52:54,-71,1.7,Foreground,0.630000
362_DB983EA6-33C3-4EB3-8C58-BB61B2C880CF,142,2021-08-24 12:52:54,-89,22.5,Foreground,0.630000
643_E70CE80A-F0E3-4B6D-96D3-BE5540BD9CDB,137,2021-08-24 12:52:54,-73,1.1,Foreground,0.630000
484_79168CDD-F79A-40DD-A8B8-945F7C0F11C7,133,2021-08-24 12:52:55,-71,1.2,Foreground,0.630000
484_79168CDD-F79A-40DD-A8B8-945F7C0F11C7,139,2021-08-24 12:52:55,-93,27.3,Foreground,0.630000
615_B28E7807-3517-4048-90CD-29E4826AE511,135,2021-08-24 12:52:55,-66,1.4,Foreground,0.630000
68_DB983EA6-33C3-4EB3-8C58-BB61B2C880CF,136,2021-08-24 12:52:55,-58,0.5,Foreground,0.630000
68_DB983EA6-33C3-4EB3-8C58-BB61B2C880CF,132,2021-08-24 12:52:55,-59,0.7,Foreground,0.630000
68_DB983EA6-33C3-4EB3-8C58-BB61B2C880CF,134,2021-08-24 12:52:55,-77,2.0,Foreground,0.630000
68_DB983EA6-33C3-4EB3-8C58-BB61B2C880CF,142,2021-08-24 12:52:55,-89,22.3,Foreground,0.630000
346_E70CE80A-F0E3-4B6D-96D3-BE5540BD9CDB,137,2021-08-24 12:52:55,-68,1.2,Foreground,0.630000
431_79168CDD-F79A-40DD-A8B8-945F7C0F11C7,133,2021-08-24 12:52:56,-67,1.2,Foreground,0.630000
229_B28E7807-3517-4048-90CD-29E4826AE511,135,2021-08-24 12:52:56,-64,1.2,Foreground,0.630000
477_DB983EA6-33C3-4EB3-8C58-BB61B2C880CF,136,2021-08-24 12:52:56,-67,0.7,Foreground,0.630000
477_DB983EA6-33C3-4EB3-8C58-BB61B2C880CF,132,2021-08-24 12:52:56,-68,0.9,Foreground,0.630000
477_DB983EA6-33C3-4EB3-8C58-BB61B2C880CF,134,2021-08-24 12:52:56,-71,2.1,Foreground,0.630000
477_DB983EA6-33C3-4EB3-8C58-BB61B2C880CF,140,2021-08-24 12:52:56,-95,20.7,Foreground,0.630000
477_DB983EA6-33C3-4EB3-8C58-BB61B2C880CF,142,2021-08-24 12:52:56,-88,21.7,Foreground,0.630000
477_DB983EA6-33C3-4EB3-8C58-BB61B2C880CF,120,2021-08-24 12:52:56,-91,41.5,Foreground,0.630000
Rule 5
847_E70CE80A-F0E3-4B6D-96D3-BE5540BD9CDB,137,2021-08-24 12:52:56,-59,0.8,Foreground,0.630000
847_E70CE80A-F0E3-4B6D-96D3-BE5540BD9CDB,143,2021-08-24 12:52:56,-91,15.9,Foreground,0.630000
569_79168CDD-F79A-40DD-A8B8-945F7C0F11C7,133,2021-08-24 12:52:57,-62,1.0,Foreground,0.630000
130_B28E7807-3517-4048-90CD-29E4826AE511,135,2021-08-24 12:52:57,-65,1.1,Foreground,0.630000
130_B28E7807-3517-4048-90CD-29E4826AE511,141,2021-08-24 12:52:57,-90,24.9,Foreground,0.630000
739_DB983EA6-33C3-4EB3-8C58-BB61B2C880CF,136,2021-08-24 12:52:57,-66,0.8,Foreground,0.630000
739_DB983EA6-33C3-4EB3-8C58-BB61B2C880CF,132,2021-08-24 12:52:57,-67,1.0,Foreground,0.630000
739_DB983EA6-33C3-4EB3-8C58-BB61B2C880CF,134,2021-08-24 12:52:57,-66,1.7,Foreground,0.630000
739_DB983EA6-33C3-4EB3-8C58-BB61B2C880CF,138,2021-08-24 12:52:57,-85,21.4,Foreground,0.630000
739_DB983EA6-33C3-4EB3-8C58-BB61B2C880CF,142,2021-08-24 12:52:57,-91,22.4,Foreground,0.630000
739_DB983EA6-33C3-4EB3-8C58-BB61B2C880CF,120,2021-08-24 12:52:57,-91,37.4,Foreground,0.630000
13_E70CE80A-F0E3-4B6D-96D3-BE5540BD9CDB,137,2021-08-24 12:52:57,-54,0.4,Foreground,0.630000
13_E70CE80A-F0E3-4B6D-96D3-BE5540BD9CDB,143,2021-08-24 12:52:57,-87,16.0,Foreground,0.630000
934_79168CDD-F79A-40DD-A8B8-945F7C0F11C7,133,2021-08-24 12:52:58,-58,0.7,Foreground,0.630000
934_79168CDD-F79A-40DD-A8B8-945F7C0F11C7,121,2021-08-24 12:52:58,-90,33.1,Foreground,0.630000
221_B28E7807-3517-4048-90CD-29E4826AE511,135,2021-08-24 12:52:58,-78,1.5,Foreground,0.630000
221_B28E7807-3517-4048-90CD-29E4826AE511,141,2021-08-24 12:52:58,-88,23.6,Foreground,0.630000
898_DB983EA6-33C3-4EB3-8C58-BB61B2C880CF,136,2021-08-24 12:52:58,-65,0.9,Foreground,0.630000
898_DB983EA6-33C3-4EB3-8C58-BB61B2C880CF,132,2021-08-24 12:52:58,-67,1.1,Foreground,0.630000
898_DB983EA6-33C3-4EB3-8C58-BB61B2C880CF,134,2021-08-24 12:52:58,-64,1.4,Foreground,0.630000
898_DB983EA6-33C3-4EB3-8C58-BB61B2C880CF,138,2021-08-24 12:52:58,-84,15.1,Foreground,0.630000
790_E70CE80A-F0E3-4B6D-96D3-BE5540BD9CDB,137,2021-08-24 12:52:58,-57,0.4,Foreground,0.630000
790_E70CE80A-F0E3-4B6D-96D3-BE5540BD9CDB,143,2021-08-24 12:52:58,-90,17.1,Foreground,0.630000
781_79168CDD-F79A-40DD-A8B8-945F7C0F11C7,133,2021-08-24 12:52:59,-58,0.5,Foreground,0.630000
781_79168CDD-F79A-40DD-A8B8-945F7C0F11C7,121,2021-08-24 12:52:59,-90,29.9,Foreground,0.630000
971_B28E7807-3517-4048-90CD-29E4826AE511,135,2021-08-24 12:52:59,-71,1.6,Foreground,0.630000
971_B28E7807-3517-4048-90CD-29E4826AE511,141,2021-08-24 12:52:59,-87,22.2,Foreground,0.630000
94_DB983EA6-33C3-4EB3-8C58-BB61B2C880CF,134,2021-08-24 12:52:59,-58,0.8,Foreground,0.630000
94_DB983EA6-33C3-4EB3-8C58-BB61B2C880CF,136,2021-08-24 12:52:59,-66,1.0,Foreground,0.630000
94_DB983EA6-33C3-4EB3-8C58-BB61B2C880CF,132,2021-08-24 12:52:59,-68,1.2,Foreground,0.630000
94_DB983EA6-33C3-4EB3-8C58-BB61B2C880CF,138,2021-08-24 12:52:59,-85,14.3,Foreground,0.630000
94_DB983EA6-33C3-4EB3-8C58-BB61B2C880CF,124,2021-08-24 12:52:59,-93,35.9,Foreground,0.630000
476_E70CE80A-F0E3-4B6D-96D3-BE5540BD9CDB,137,2021-08-24 12:52:59,-65,0.6,Foreground,0.630000
4_79168CDD-F79A-40DD-A8B8-945F7C0F11C7,133,2021-08-24 12:53:00,-72,0.8,Foreground,0.630000
4_79168CDD-F79A-40DD-A8B8-945F7C0F11C7,121,2021-08-24 12:53:00,-90,28.4,Foreground,0.630000
954_B28E7807-3517-4048-90CD-29E4826AE511,135,2021-08-24 12:53:00,-66,1.5,Foreground,0.630000
954_B28E7807-3517-4048-90CD-29E4826AE511,141,2021-08-24 12:53:00,-89,22.1,Foreground,0.630000
92_DB983EA6-33C3-4EB3-8C58-BB61B2C880CF,134,2021-08-24 12:53:00,-65,0.9,Foreground,0.630000
92_DB983EA6-33C3-4EB3-8C58-BB61B2C880CF,136,2021-08-24 12:53:00,-63,0.9,Foreground,0.630000
92_DB983EA6-33C3-4EB3-8C58-BB61B2C880CF,132,2021-08-24 12:53:00,-65,1.1,Foreground,0.630000
92_DB983EA6-33C3-4EB3-8C58-BB61B2C880CF,124,2021-08-24 12:53:00,-93,35.9,Foreground,0.630000
333_E70CE80A-F0E3-4B6D-96D3-BE5540BD9CDB,137,2021-08-24 12:53:00,-65,0.7,Foreground,0.630000
227_79168CDD-F79A-40DD-A8B8-945F7C0F11C7,133,2021-08-24 12:53:01,-73,1.1,Foreground,0.630000
367_B28E7807-3517-4048-90CD-29E4826AE511,135,2021-08-24 12:53:01,-66,1.3,Foreground,0.630000
473_DB983EA6-33C3-4EB3-8C58-BB61B2C880CF,136,2021-08-24 12:53:01,-69,1.1,Foreground,0.630000
473_DB983EA6-33C3-4EB3-8C58-BB61B2C880CF,132,2021-08-24 12:53:01,-65,1.1,Foreground,0.630000
473_DB983EA6-33C3-4EB3-8C58-BB61B2C880CF,134,2021-08-24 12:53:01,-72,1.1,Foreground,0.630000
4_E70CE80A-F0E3-4B6D-96D3-BE5540BD9CDB,137,2021-08-24 12:53:01,-68,0.9,Foreground,0.630000
465_79168CDD-F79A-40DD-A8B8-945F7C0F11C7,133,2021-08-24 12:53:02,-71,1.3,Foreground,0.630000
486_B28E7807-3517-4048-90CD-29E4826AE511,135,2021-08-24 12:53:02,-66,1.3,Foreground,0.630000
331_DB983EA6-33C3-4EB3-8C58-BB61B2C880CF,134,2021-08-24 12:53:02,-71,1.3,Foreground,0.630000
331_DB983EA6-33C3-4EB3-8C58-BB61B2C880CF,132,2021-08-24 12:53:02,-74,1.4,Foreground,0.630000
331_DB983EA6-33C3-4EB3-8C58-BB61B2C880CF,136,2021-08-24 12:53:02,-76,1.4,Foreground,0.630000
90_E70CE80A-F0E3-4B6D-96D3-BE5540BD9CDB,137,2021-08-24 12:53:02,-59,0.7,Foreground,0.630000
90_E70CE80A-F0E3-4B6D-96D3-BE5540BD9CDB,143,2021-08-24 12:53:02,-93,18.7,Foreground,0.630000
94_79168CDD-F79A-40DD-A8B8-945F7C0F11C7,133,2021-08-24 12:53:03,-68,1.4,Foreground,0.630000
40_B28E7807-3517-4048-90CD-29E4826AE511,135,2021-08-24 12:53:03,-73,1.5,Foreground,0.630000
517_DB983EA6-33C3-4EB3-8C58-BB61B2C880CF,134,2021-08-24 12:53:03,-68,1.4,Foreground,0.630000
517_DB983EA6-33C3-4EB3-8C58-BB61B2C880CF,132,2021-08-24 12:53:03,-86,1.9,Foreground,0.630000
120_E70CE80A-F0E3-4B6D-96D3-BE5540BD9CDB,137,2021-08-24 12:53:03,-58,0.5,Foreground,0.630000
120_E70CE80A-F0E3-4B6D-96D3-BE5540BD9CDB,143,2021-08-24 12:53:03,-91,20.2,Foreground,0.630000
479_79168CDD-F79A-40DD-A8B8-945F7C0F11C7,133,2021-08-24 12:53:04,-66,1.3,Foreground,0.630000
166_B28E7807-3517-4048-90CD-29E4826AE511,135,2021-08-24 12:53:04,-71,1.7,Foreground,0.630000
807_DB983EA6-33C3-4EB3-8C58-BB61B2C880CF,136,2021-08-24 12:53:04,-65,1.3,Foreground,0.630000
807_DB983EA6-33C3-4EB3-8C58-BB61B2C880CF,134,2021-08-24 12:53:04,-67,1.3,Foreground,0.630000
807_DB983EA6-33C3-4EB3-8C58-BB61B2C880CF,132,2021-08-24 12:53:04,-74,2.2,Foreground,0.630000
807_DB983EA6-33C3-4EB3-8C58-BB61B2C880CF,138,2021-08-24 12:53:04,-95,17.3,Foreground,0.630000
445_E70CE80A-F0E3-4B6D-96D3-BE5540BD9CDB,137,2021-08-24 12:53:04,-67,0.7,Foreground,0.630000
921_79168CDD-F79A-40DD-A8B8-945F7C0F11C7,133,2021-08-24 12:53:05,-74,1.6,Foreground,0.630000
883_B28E7807-3517-4048-90CD-29E4826AE511,135,2021-08-24 12:53:05,-66,1.5,Foreground,0.630000
605_DB983EA6-33C3-4EB3-8C58-BB61B2C880CF,136,2021-08-24 12:53:05,-59,0.7,Foreground,0.630000
605_DB983EA6-33C3-4EB3-8C58-BB61B2C880CF,134,2021-08-24 12:53:05,-62,1.0,Foreground,0.630000
605_DB983EA6-33C3-4EB3-8C58-BB61B2C880CF,132,2021-08-24 12:53:05,-68,1.9,Foreground,0.630000
605_DB983EA6-33C3-4EB3-8C58-BB61B2C880CF,138,2021-08-24 12:53:05,-95,22.0,Foreground,0.630000
358_E70CE80A-F0E3-4B6D-96D3-BE5540BD9CDB,137,2021-08-24 12:53:05,-69,0.9,Foreground,0.630000
19_79168CDD-F79A-40DD-A8B8-945F7C0F11C7,133,2021-08-24 12:53:06,-67,1.5,Foreground,0.630000
414_B28E7807-3517-4048-90CD-29E4826AE511,135,2021-08-24 12:53:06,-66,1.4,Foreground,0.630000
424_DB983EA6-33C3-4EB3-8C58-BB61B2C880CF,136,2021-08-24 12:53:06,-64,0.8,Foreground,0.630000
424_DB983EA6-33C3-4EB3-8C58-BB61B2C880CF,134,2021-08-24 12:53:06,-69,1.2,Foreground,0.630000
424_DB983EA6-33C3-4EB3-8C58-BB61B2C880CF,132,2021-08-24 12:53:06,-64,1.5,Foreground,0.630000
771_E70CE80A-F0E3-4B6D-96D3-BE5540BD9CDB,137,2021-08-24 12:53:06,-67,1.0,Foreground,0.630000
771_E70CE80A-F0E3-4B6D-96D3-BE5540BD9CDB,143,2021-08-24 12:53:06,-93,22.1,Foreground,0.630000
643_79168CDD-F79A-40DD-A8B8-945F7C0F11C7,133,2021-08-24 12:53:07,-70,1.6,Foreground,0.630000
609_B28E7807-3517-4048-90CD-29E4826AE511,135,2021-08-24 12:53:07,-64,1.2,Foreground,0.630000
404_DB983EA6-33C3-4EB3-8C58-BB61B2C880CF,136,2021-08-24 12:53:07,-71,1.0,Foreground,0.630000
404_DB983EA6-33C3-4EB3-8C58-BB61B2C880CF,134,2021-08-24 12:53:07,-74,1.5,Foreground,0.630000
404_DB983EA6-33C3-4EB3-8C58-BB61B2C880CF,132,2021-08-24 12:53:07,-78,1.8,Foreground,0.630000
861_E70CE80A-F0E3-4B6D-96D3-BE5540BD9CDB,137,2021-08-24 12:53:07,-60,0.8,Foreground,0.630000
320_79168CDD-F79A-40DD-A8B8-945F7C0F11C7,133,2021-08-24 12:53:08,-68,1.5,Foreground,0.630000
407_B28E7807-3517-4048-90CD-29E4826AE511,135,2021-08-24 12:53:08,-79,1.6,Foreground,0.630000
407_B28E7807-3517-4048-90CD-29E4826AE511,141,2021-08-24 12:53:08,-93,23.3,Foreground,0.630000
262_DB983EA6-33C3-4EB3-8C58-BB61B2C880CF,136,2021-08-24 12:53:08,-67,1.1,Foreground,0.630000
262_DB983EA6-33C3-4EB3-8C58-BB61B2C880CF,134,2021-08-24 12:53:08,-68,1.5,Foreground,0.630000
262_DB983EA6-33C3-4EB3-8C58-BB61B2C880CF,132,2021-08-24 12:53:08,-81,2.3,Foreground,0.630000
594_E70CE80A-F0E3-4B6D-96D3-BE5540BD9CDB,137,2021-08-24 12:53:08,-60,0.7,Foreground,0.630000
923_79168CDD-F79A-40DD-A8B8-945F7C0F11C7,133,2021-08-24 12:53:09,-67,1.5,Foreground,0.630000
746_B28E7807-3517-4048-90CD-29E4826AE511,135,2021-08-24 12:53:09,-78,2.0,Foreground,0.630000
746_B28E7807-3517-4048-90CD-29E4826AE511,141,2021-08-24 12:53:09,-93,26.8,Foreground,0.630000
702_DB983EA6-33C3-4EB3-8C58-BB61B2C880CF,136,2021-08-24 12:53:09,-66,1.1,Foreground,0.630000
702_DB983EA6-33C3-4EB3-8C58-BB61B2C880CF,134,2021-08-24 12:53:09,-67,1.4,Foreground,0.630000
702_DB983EA6-33C3-4EB3-8C58-BB61B2C880CF,132,2021-08-24 12:53:09,-75,2.5,Foreground,0.630000
877_E70CE80A-F0E3-4B6D-96D3-BE5540BD9CDB,137,2021-08-24 12:53:09,-60,0.6,Foreground,0.630000
541_79168CDD-F79A-40DD-A8B8-945F7C0F11C7,133,2021-08-24 12:53:10,-72,1.7,Foreground,0.630000
376_B28E7807-3517-4048-90CD-29E4826AE511,135,2021-08-24 12:53:10,-69,1.9,Foreground,0.630000
81_DB983EA6-33C3-4EB3-8C58-BB61B2C880CF,136,2021-08-24 12:53:10,-66,1.1,Foreground,0.630000
81_DB983EA6-33C3-4EB3-8C58-BB61B2C880CF,134,2021-08-24 12:53:10,-68,1.4,Foreground,0.630000
81_DB983EA6-33C3-4EB3-8C58-BB61B2C880CF,132,2021-08-24 12:53:10,-71,2.4,Foreground,0.630000
578_E70CE80A-F0E3-4B6D-96D3-BE5540BD9CDB,137,2021-08-24 12:53:10,-63,0.7,Foreground,0.630000
552_79168CDD-F79A-40DD-A8B8-945F7C0F11C7,133,2021-08-24 12:53:11,-69,1.7,Foreground,0.630000
160_B28E7807-3517-4048-90CD-29E4826AE511,135,2021-08-24 12:53:11,-69,1.8,Foreground,0.630000
478_DB983EA6-33C3-4EB3-8C58-BB61B2C880CF,136,2021-08-24 12:53:11,-70,1.3,Foreground,0.630000
478_DB983EA6-33C3-4EB3-8C58-BB61B2C880CF,134,2021-08-24 12:53:11,-68,1.4,Foreground,0.630000
478_DB983EA6-33C3-4EB3-8C58-BB61B2C880CF,132,2021-08-24 12:53:11,-77,2.8,Foreground,0.630000
373_E70CE80A-F0E3-4B6D-96D3-BE5540BD9CDB,137,2021-08-24 12:53:11,-63,0.7,Foreground,0.630000
926_79168CDD-F79A-40DD-A8B8-945F7C0F11C7,133,2021-08-24 12:53:12,-68,1.6,Foreground,0.630000
224_B28E7807-3517-4048-90CD-29E4826AE511,135,2021-08-24 12:53:12,-79,2.2,Foreground,0.630000
224_B28E7807-3517-4048-90CD-29E4826AE511,141,2021-08-24 12:53:12,-94,29.7,Foreground,0.630000
855_DB983EA6-33C3-4EB3-8C58-BB61B2C880CF,134,2021-08-24 12:53:12,-66,1.3,Foreground,0.630000
855_DB983EA6-33C3-4EB3-8C58-BB61B2C880CF,136,2021-08-24 12:53:12,-70,1.4,Foreground,0.630000
855_DB983EA6-33C3-4EB3-8C58-BB61B2C880CF,132,2021-08-24 12:53:12,-78,3.1,Foreground,0.630000
74_E70CE80A-F0E3-4B6D-96D3-BE5540BD9CDB,137,2021-08-24 12:53:12,-59,0.6,Foreground,0.630000
225_79168CDD-F79A-40DD-A8B8-945F7C0F11C7,133,2021-08-24 12:53:14,-70,1.7,Foreground,0.630000
1_B28E7807-3517-4048-90CD-29E4826AE511,135,2021-08-24 12:53:14,-70,2.1,Foreground,0.630000
245_DB983EA6-33C3-4EB3-8C58-BB61B2C880CF,134,2021-08-24 12:53:14,-69,1.4,Foreground,0.630000
245_DB983EA6-33C3-4EB3-8C58-BB61B2C880CF,136,2021-08-24 12:53:14,-74,1.7,Foreground,0.630000
245_DB983EA6-33C3-4EB3-8C58-BB61B2C880CF,132,2021-08-24 12:53:14,-74,3.1,Foreground,0.630000
104_E70CE80A-F0E3-4B6D-96D3-BE5540BD9CDB,137,2021-08-24 12:53:14,-72,0.8,Foreground,0.630000
