Device:,iPhone12,5
OS version:,13.3.1
App version:,1.4.6 (2)
Library version:,1.0.0 build (22)
UUID,UID,RECEIVED TIME,RSSI,DISTANCE(m),APP STATUS,BATTERY
786_79168CDD-F79A-40DD-A8B8-945F7C0F11C7,133,2021-08-24 13:03:51,-67,1.0,Foreground,0.680000
786_79168CDD-F79A-40DD-A8B8-945F7C0F11C7,139,2021-08-24 13:03:51,-93,50.7,Foreground,0.680000
724_B28E7807-3517-4048-90CD-29E4826AE511,135,2021-08-24 13:03:51,-65,1.3,Foreground,0.680000
334_DB983EA6-33C3-4EB3-8C58-BB61B2C880CF,132,2021-08-24 13:03:51,-73,1.5,Foreground,0.680000
334_DB983EA6-33C3-4EB3-8C58-BB61B2C880CF,134,2021-08-24 13:03:51,-69,1.7,Foreground,0.680000
334_DB983EA6-33C3-4EB3-8C58-BB61B2C880CF,136,2021-08-24 13:03:51,-69,2.0,Foreground,0.680000
334_DB983EA6-33C3-4EB3-8C58-BB61B2C880CF,142,2021-08-24 13:03:51,-92,30.7,Foreground,0.680000
334_DB983EA6-33C3-4EB3-8C58-BB61B2C880CF,140,2021-08-24 13:03:51,-94,36.3,Foreground,0.680000
334_DB983EA6-33C3-4EB3-8C58-BB61B2C880CF,138,2021-08-24 13:03:51,-91,39.5,Foreground,0.680000
421_E70CE80A-F0E3-4B6D-96D3-BE5540BD9CDB,137,2021-08-24 13:03:51,-70,2.2,Foreground,0.680000
421_E70CE80A-F0E3-4B6D-96D3-BE5540BD9CDB,143,2021-08-24 13:03:51,-91,34.3,Foreground,0.680000
686_79168CDD-F79A-40DD-A8B8-945F7C0F11C7,133,2021-08-24 13:03:52,-71,1.4,Foreground,0.680000
429_B28E7807-3517-4048-90CD-29E4826AE511,135,2021-08-24 13:03:52,-67,1.3,Foreground,0.680000
429_B28E7807-3517-4048-90CD-29E4826AE511,141,2021-08-24 13:03:52,-89,33.6,Foreground,0.680000
627_DB983EA6-33C3-4EB3-8C58-BB61B2C880CF,136,2021-08-24 13:03:52,-66,1.5,Foreground,0.680000
627_DB983EA6-33C3-4EB3-8C58-BB61B2C880CF,132,2021-08-24 13:03:52,-70,1.7,Foreground,0.680000
666_E70CE80A-F0E3-4B6D-96D3-BE5540BD9CDB,137,2021-08-24 13:03:52,-69,2.0,Foreground,0.680000
Rule 4
182_79168CDD-F79A-40DD-A8B8-945F7C0F11C7,133,2021-08-24 13:03:53,-66,1.3,Foreground,0.680000
182_79168CDD-F79A-40DD-A8B8-945F7C0F11C7,139,2021-08-24 13:03:53,-94,44.7,Foreground,0.680000
848_B28E7807-3517-4048-90CD-29E4826AE511,135,2021-08-24 13:03:53,-71,1.4,Foreground,0.680000
848_B28E7807-3517-4048-90CD-29E4826AE511,141,2021-08-24 13:03:53,-89,31.5,Foreground,0.680000
970_DB983EA6-33C3-4EB3-8C58-BB61B2C880CF,132,2021-08-24 13:03:53,-62,1.3,Foreground,0.680000
970_DB983EA6-33C3-4EB3-8C58-BB61B2C880CF,142,2021-08-24 13:03:53,-94,31.5,Foreground,0.680000
970_DB983EA6-33C3-4EB3-8C58-BB61B2C880CF,138,2021-08-24 13:03:53,-93,35.2,Foreground,0.680000
5_E70CE80A-F0E3-4B6D-96D3-BE5540BD9CDB,137,2021-08-24 13:03:53,-68,1.9,Foreground,0.680000
193_79168CDD-F79A-40DD-A8B8-945F7C0F11C7,133,2021-08-24 13:03:54,-63,1.1,Foreground,0.680000
193_79168CDD-F79A-40DD-A8B8-945F7C0F11C7,139,2021-08-24 13:03:54,-93,42.8,Foreground,0.680000
193_79168CDD-F79A-40DD-A8B8-945F7C0F11C7,121,2021-08-24 13:03:54,-96,58.8,Foreground,0.680000
57_B28E7807-3517-4048-90CD-29E4826AE511,135,2021-08-24 13:03:54,-67,1.4,Foreground,0.680000
479_DB983EA6-33C3-4EB3-8C58-BB61B2C880CF,132,2021-08-24 13:03:54,-67,1.3,Foreground,0.680000
479_DB983EA6-33C3-4EB3-8C58-BB61B2C880CF,136,2021-08-24 13:03:54,-71,1.6,Foreground,0.680000
479_DB983EA6-33C3-4EB3-8C58-BB61B2C880CF,134,2021-08-24 13:03:54,-69,1.9,Foreground,0.680000
479_DB983EA6-33C3-4EB3-8C58-BB61B2C880CF,142,2021-08-24 13:03:54,-94,32.1,Foreground,0.680000
479_DB983EA6-33C3-4EB3-8C58-BB61B2C880CF,138,2021-08-24 13:03:54,-91,34.5,Foreground,0.680000
989_E70CE80A-F0E3-4B6D-96D3-BE5540BD9CDB,137,2021-08-24 13:03:54,-62,1.4,Foreground,0.680000
989_E70CE80A-F0E3-4B6D-96D3-BE5540BD9CDB,143,2021-08-24 13:03:54,-91,33.3,Foreground,0.680000
852_79168CDD-F79A-40DD-A8B8-945F7C0F11C7,133,2021-08-24 13:03:55,-60,0.8,Foreground,0.680000
852_79168CDD-F79A-40DD-A8B8-945F7C0F11C7,139,2021-08-24 13:03:55,-91,39.5,Foreground,0.680000
852_79168CDD-F79A-40DD-A8B8-945F7C0F11C7,121,2021-08-24 13:03:55,-96,58.0,Foreground,0.680000
565_B28E7807-3517-4048-90CD-29E4826AE511,135,2021-08-24 13:03:55,-63,1.1,Foreground,0.680000
565_B28E7807-3517-4048-90CD-29E4826AE511,141,2021-08-24 13:03:55,-89,29.9,Foreground,0.680000
225_DB983EA6-33C3-4EB3-8C58-BB61B2C880CF,132,2021-08-24 13:03:55,-63,1.1,Foreground,0.680000
225_DB983EA6-33C3-4EB3-8C58-BB61B2C880CF,136,2021-08-24 13:03:55,-72,1.9,Foreground,0.680000
225_DB983EA6-33C3-4EB3-8C58-BB61B2C880CF,134,2021-08-24 13:03:55,-74,2.4,Foreground,0.680000
225_DB983EA6-33C3-4EB3-8C58-BB61B2C880CF,142,2021-08-24 13:03:55,-91,31.7,Foreground,0.680000
225_DB983EA6-33C3-4EB3-8C58-BB61B2C880CF,140,2021-08-24 13:03:55,-96,40.3,Foreground,0.680000
622_E70CE80A-F0E3-4B6D-96D3-BE5540BD9CDB,137,2021-08-24 13:03:55,-62,1.1,Foreground,0.680000
622_E70CE80A-F0E3-4B6D-96D3-BE5540BD9CDB,143,2021-08-24 13:03:55,-89,30.6,Foreground,0.680000
59_79168CDD-F79A-40DD-A8B8-945F7C0F11C7,133,2021-08-24 13:03:56,-59,0.6,Foreground,0.680000
59_79168CDD-F79A-40DD-A8B8-945F7C0F11C7,139,2021-08-24 13:03:56,-93,39.0,Foreground,0.680000
54_B28E7807-3517-4048-90CD-29E4826AE511,135,2021-08-24 13:03:56,-72,1.4,Foreground,0.680000
54_B28E7807-3517-4048-90CD-29E4826AE511,141,2021-08-24 13:03:56,-89,28.6,Foreground,0.680000
18_DB983EA6-33C3-4EB3-8C58-BB61B2C880CF,132,2021-08-24 13:03:56,-60,0.8,Foreground,0.680000
18_DB983EA6-33C3-4EB3-8C58-BB61B2C880CF,136,2021-08-24 13:03:56,-71,1.9,Foreground,0.680000
18_DB983EA6-33C3-4EB3-8C58-BB61B2C880CF,134,2021-08-24 13:03:56,-69,2.0,Foreground,0.680000
18_DB983EA6-33C3-4EB3-8C58-BB61B2C880CF,138,2021-08-24 13:03:56,-91,33.9,Foreground,0.680000
18_DB983EA6-33C3-4EB3-8C58-BB61B2C880CF,140,2021-08-24 13:03:56,-94,40.4,Foreground,0.680000
811_E70CE80A-F0E3-4B6D-96D3-BE5540BD9CDB,137,2021-08-24 13:03:56,-66,1.1,Foreground,0.680000
811_E70CE80A-F0E3-4B6D-96D3-BE5540BD9CDB,143,2021-08-24 13:03:56,-89,28.8,Foreground,0.680000
250_79168CDD-F79A-40DD-A8B8-945F7C0F11C7,133,2021-08-24 13:03:57,-60,0.6,Foreground,0.680000
250_79168CDD-F79A-40DD-A8B8-945F7C0F11C7,139,2021-08-24 13:03:57,-92,37.9,Foreground,0.680000
180_B28E7807-3517-4048-90CD-29E4826AE511,135,2021-08-24 13:03:57,-66,1.3,Foreground,0.680000
180_B28E7807-3517-4048-90CD-29E4826AE511,141,2021-08-24 13:03:57,-90,28.1,Foreground,0.680000
850_DB983EA6-33C3-4EB3-8C58-BB61B2C880CF,132,2021-08-24 13:03:57,-61,0.7,Foreground,0.680000
850_DB983EA6-33C3-4EB3-8C58-BB61B2C880CF,134,2021-08-24 13:03:57,-64,1.4,Foreground,0.680000
850_DB983EA6-33C3-4EB3-8C58-BB61B2C880CF,136,2021-08-24 13:03:57,-71,2.0,Foreground,0.680000
850_DB983EA6-33C3-4EB3-8C58-BB61B2C880CF,138,2021-08-24 13:03:57,-91,33.3,Foreground,0.680000
850_DB983EA6-33C3-4EB3-8C58-BB61B2C880CF,140,2021-08-24 13:03:57,-91,38.2,Foreground,0.680000
26_E70CE80A-F0E3-4B6D-96D3-BE5540BD9CDB,137,2021-08-24 13:03:57,-70,1.3,Foreground,0.680000
Rule 4
536_79168CDD-F79A-40DD-A8B8-945F7C0F11C7,133,2021-08-24 13:03:58,-64,0.7,Foreground,0.680000
536_79168CDD-F79A-40DD-A8B8-945F7C0F11C7,139,2021-08-24 13:03:58,-92,37.0,Foreground,0.680000
117_B28E7807-3517-4048-90CD-29E4826AE511,135,2021-08-24 13:03:58,-68,1.3,Foreground,0.680000
117_B28E7807-3517-4048-90CD-29E4826AE511,141,2021-08-24 13:03:58,-89,27.2,Foreground,0.680000
956_DB983EA6-33C3-4EB3-8C58-BB61B2C880CF,132,2021-08-24 13:03:58,-66,0.8,Foreground,0.680000
956_DB983EA6-33C3-4EB3-8C58-BB61B2C880CF,134,2021-08-24 13:03:58,-67,1.4,Foreground,0.680000
956_DB983EA6-33C3-4EB3-8C58-BB61B2C880CF,136,2021-08-24 13:03:58,-67,1.7,Foreground,0.680000
956_DB983EA6-33C3-4EB3-8C58-BB61B2C880CF,138,2021-08-24 13:03:58,-88,31.3,Foreground,0.680000
956_DB983EA6-33C3-4EB3-8C58-BB61B2C880CF,142,2021-08-24 13:03:58,-91,31.3,Foreground,0.680000
803_E70CE80A-F0E3-4B6D-96D3-BE5540BD9CDB,137,2021-08-24 13:03:58,-72,1.5,Foreground,0.680000
519_79168CDD-F79A-40DD-A8B8-945F7C0F11C7,133,2021-08-24 13:03:59,-70,0.9,Foreground,0.680000
519_79168CDD-F79A-40DD-A8B8-945F7C0F11C7,139,2021-08-24 13:03:59,-92,36.4,Foreground,0.680000
919_B28E7807-3517-4048-90CD-29E4826AE511,135,2021-08-24 13:03:59,-67,1.3,Foreground,0.680000
919_B28E7807-3517-4048-90CD-29E4826AE511,141,2021-08-24 13:03:59,-87,25.6,Foreground,0.680000
74_DB983EA6-33C3-4EB3-8C58-BB61B2C880CF,132,2021-08-24 13:03:59,-63,0.8,Foreground,0.680000
74_DB983EA6-33C3-4EB3-8C58-BB61B2C880CF,136,2021-08-24 13:03:59,-62,1.2,Foreground,0.680000
74_DB983EA6-33C3-4EB3-8C58-BB61B2C880CF,134,2021-08-24 13:03:59,-71,1.6,Foreground,0.680000
74_DB983EA6-33C3-4EB3-8C58-BB61B2C880CF,142,2021-08-24 13:03:59,-90,30.3,Foreground,0.680000
74_DB983EA6-33C3-4EB3-8C58-BB61B2C880CF,138,2021-08-24 13:03:59,-93,31.6,Foreground,0.680000
664_E70CE80A-F0E3-4B6D-96D3-BE5540BD9CDB,137,2021-08-24 13:03:59,-69,1.5,Foreground,0.680000
127_79168CDD-F79A-40DD-A8B8-945F7C0F11C7,133,2021-08-24 13:04:00,-63,0.9,Foreground,0.680000
127_79168CDD-F79A-40DD-A8B8-945F7C0F11C7,139,2021-08-24 13:04:00,-89,34.0,Foreground,0.680000
393_B28E7807-3517-4048-90CD-29E4826AE511,135,2021-08-24 13:04:00,-67,1.3,Foreground,0.680000
393_B28E7807-3517-4048-90CD-29E4826AE511,141,2021-08-24 13:04:00,-87,24.3,Foreground,0.680000
29_DB983EA6-33C3-4EB3-8C58-BB61B2C880CF,136,2021-08-24 13:04:00,-64,1.1,Foreground,0.680000
29_DB983EA6-33C3-4EB3-8C58-BB61B2C880CF,134,2021-08-24 13:04:00,-67,1.5,Foreground,0.680000
29_DB983EA6-33C3-4EB3-8C58-BB61B2C880CF,142,2021-08-24 13:04:00,-89,29.0,Foreground,0.680000
29_DB983EA6-33C3-4EB3-8C58-BB61B2C880CF,138,2021-08-24 13:04:00,-89,30.4,Foreground,0.680000
29_DB983EA6-33C3-4EB3-8C58-BB61B2C880CF,120,2021-08-24 13:04:00,-95,46.4,Foreground,0.680000
722_E70CE80A-F0E3-4B6D-96D3-BE5540BD9CDB,137,2021-08-24 13:04:00,-68,1.5,Foreground,0.680000
329_79168CDD-F79A-40DD-A8B8-945F7C0F11C7,133,2021-08-24 13:04:01,-64,0.9,Foreground,0.680000
329_79168CDD-F79A-40DD-A8B8-945F7C0F11C7,139,2021-08-24 13:04:01,-89,32.2,Foreground,0.680000
329_79168CDD-F79A-40DD-A8B8-945F7C0F11C7,121,2021-08-24 13:04:01,-95,56.3,Foreground,0.680000
864_B28E7807-3517-4048-90CD-29E4826AE511,135,2021-08-24 13:04:01,-68,1.4,Foreground,0.680000
864_B28E7807-3517-4048-90CD-29E4826AE511,141,2021-08-24 13:04:01,-91,24.6,Foreground,0.680000
661_DB983EA6-33C3-4EB3-8C58-BB61B2C880CF,132,2021-08-24 13:04:01,-66,0.9,Foreground,0.680000
661_DB983EA6-33C3-4EB3-8C58-BB61B2C880CF,136,2021-08-24 13:04:01,-72,1.3,Foreground,0.680000
661_DB983EA6-33C3-4EB3-8C58-BB61B2C880CF,134,2021-08-24 13:04:01,-67,1.4,Foreground,0.680000
661_DB983EA6-33C3-4EB3-8C58-BB61B2C880CF,142,2021-08-24 13:04:01,-89,28.0,Foreground,0.680000
661_DB983EA6-33C3-4EB3-8C58-BB61B2C880CF,140,2021-08-24 13:04:01,-88,34.2,Foreground,0.680000
661_DB983EA6-33C3-4EB3-8C58-BB61B2C880CF,120,2021-08-24 13:04:01,-95,46.4,Foreground,0.680000
969_E70CE80A-F0E3-4B6D-96D3-BE5540BD9CDB,137,2021-08-24 13:04:01,-71,1.7,Foreground,0.680000
440_79168CDD-F79A-40DD-A8B8-945F7C0F11C7,133,2021-08-24 13:04:02,-64,0.9,Foreground,0.680000
440_79168CDD-F79A-40DD-A8B8-945F7C0F11C7,139,2021-08-24 13:04:02,-89,30.8,Foreground,0.680000
428_B28E7807-3517-4048-90CD-29E4826AE511,135,2021-08-24 13:04:02,-68,1.4,Foreground,0.680000
428_B28E7807-3517-4048-90CD-29E4826AE511,141,2021-08-24 13:04:02,-92,25.1,Foreground,0.680000
68_DB983EA6-33C3-4EB3-8C58-BB61B2C880CF,132,2021-08-24 13:04:02,-63,0.8,Foreground,0.680000
68_DB983EA6-33C3-4EB3-8C58-BB61B2C880CF,134,2021-08-24 13:04:02,-70,1.5,Foreground,0.680000
68_DB983EA6-33C3-4EB3-8C58-BB61B2C880CF,136,2021-08-24 13:04:02,-77,1.7,Foreground,0.680000
68_DB983EA6-33C3-4EB3-8C58-BB61B2C880CF,142,2021-08-24 13:04:02,-94,28.9,Foreground,0.680000
68_DB983EA6-33C3-4EB3-8C58-BB61B2C880CF,140,2021-08-24 13:04:02,-88,30.2,Foreground,0.680000
68_DB983EA6-33C3-4EB3-8C58-BB61B2C880CF,138,2021-08-24 13:04:02,-93,30.8,Foreground,0.680000
123_E70CE80A-F0E3-4B6D-96D3-BE5540BD9CDB,137,2021-08-24 13:04:02,-69,1.7,Foreground,0.680000
123_E70CE80A-F0E3-4B6D-96D3-BE5540BD9CDB,143,2021-08-24 13:04:02,-93,32.6,Foreground,0.680000
807_79168CDD-F79A-40DD-A8B8-945F7C0F11C7,133,2021-08-24 13:04:03,-64,0.9,Foreground,0.680000
807_79168CDD-F79A-40DD-A8B8-945F7C0F11C7,139,2021-08-24 13:04:03,-89,29.7,Foreground,0.680000
807_79168CDD-F79A-40DD-A8B8-945F7C0F11C7,121,2021-08-24 13:04:03,-93,51.0,Foreground,0.680000
699_B28E7807-3517-4048-90CD-29E4826AE511,135,2021-08-24 13:04:03,-67,1.4,Foreground,0.680000
699_B28E7807-3517-4048-90CD-29E4826AE511,141,2021-08-24 13:04:03,-94,26.0,Foreground,0.680000
8_DB983EA6-33C3-4EB3-8C58-BB61B2C880CF,132,2021-08-24 13:04:03,-63,0.8,Foreground,0.680000
8_DB983EA6-33C3-4EB3-8C58-BB61B2C880CF,134,2021-08-24 13:04:03,-68,1.5,Foreground,0.680000
8_DB983EA6-33C3-4EB3-8C58-BB61B2C880CF,136,2021-08-24 13:04:03,-77,2.1,Foreground,0.680000
8_DB983EA6-33C3-4EB3-8C58-BB61B2C880CF,138,2021-08-24 13:04:03,-91,30.5,Foreground,0.680000
522_E70CE80A-F0E3-4B6D-96D3-BE5540BD9CDB,137,2021-08-24 13:04:03,-66,1.5,Foreground,0.680000
522_E70CE80A-F0E3-4B6D-96D3-BE5540BD9CDB,143,2021-08-24 13:04:03,-91,31.7,Foreground,0.680000
272_79168CDD-F79A-40DD-A8B8-945F7C0F11C7,133,2021-08-24 13:04:04,-66,1.0,Foreground,0.680000
272_79168CDD-F79A-40DD-A8B8-945F7C0F11C7,139,2021-08-24 13:04:04,-89,28.7,Foreground,0.680000
272_79168CDD-F79A-40DD-A8B8-945F7C0F11C7,121,2021-08-24 13:04:04,-93,47.7,Foreground,0.680000
706_B28E7807-3517-4048-90CD-29E4826AE511,135,2021-08-24 13:04:04,-67,1.3,Foreground,0.680000
706_B28E7807-3517-4048-90CD-29E4826AE511,141,2021-08-24 13:04:04,-92,26.5,Foreground,0.680000
270_DB983EA6-33C3-4EB3-8C58-BB61B2C880CF,132,2021-08-24 13:04:04,-64,0.8,Foreground,0.680000
270_DB983EA6-33C3-4EB3-8C58-BB61B2C880CF,134,2021-08-24 13:04:04,-72,1.7,Foreground,0.680000
270_DB983EA6-33C3-4EB3-8C58-BB61B2C880CF,136,2021-08-24 13:04:04,-73,2.2,Foreground,0.680000
270_DB983EA6-33C3-4EB3-8C58-BB61B2C880CF,138,2021-08-24 13:04:04,-91,30.3,Foreground,0.680000
208_E70CE80A-F0E3-4B6D-96D3-BE5540BD9CDB,137,2021-08-24 13:04:04,-64,1.2,Foreground,0.680000
208_E70CE80A-F0E3-4B6D-96D3-BE5540BD9CDB,143,2021-08-24 13:04:04,-91,31.1,Foreground,0.680000
446_79168CDD-F79A-40DD-A8B8-945F7C0F11C7,133,2021-08-24 13:04:05,-71,1.2,Foreground,0.680000
446_79168CDD-F79A-40DD-A8B8-945F7C0F11C7,139,2021-08-24 13:04:05,-93,29.2,Foreground,0.680000
574_B28E7807-3517-4048-90CD-29E4826AE511,135,2021-08-24 13:04:05,-68,1.4,Foreground,0.680000
574_B28E7807-3517-4048-90CD-29E4826AE511,141,2021-08-24 13:04:05,-91,26.6,Foreground,0.680000
819_DB983EA6-33C3-4EB3-8C58-BB61B2C880CF,132,2021-08-24 13:04:05,-66,0.9,Foreground,0.680000
819_DB983EA6-33C3-4EB3-8C58-BB61B2C880CF,136,2021-08-24 13:04:05,-66,1.8,Foreground,0.680000
819_DB983EA6-33C3-4EB3-8C58-BB61B2C880CF,134,2021-08-24 13:04:05,-73,1.9,Foreground,0.680000
819_DB983EA6-33C3-4EB3-8C58-BB61B2C880CF,138,2021-08-24 13:04:05,-88,28.8,Foreground,0.680000
819_DB983EA6-33C3-4EB3-8C58-BB61B2C880CF,140,2021-08-24 13:04:05,-93,33.0,Foreground,0.680000
120_E70CE80A-F0E3-4B6D-96D3-BE5540BD9CDB,137,2021-08-24 13:04:05,-68,1.3,Foreground,0.680000
120_E70CE80A-F0E3-4B6D-96D3-BE5540BD9CDB,143,2021-08-24 13:04:05,-96,32.9,Foreground,0.680000
958_B28E7807-3517-4048-90CD-29E4826AE511,135,2021-08-24 13:04:06,-67,1.3,Foreground,0.680000
958_B28E7807-3517-4048-90CD-29E4826AE511,141,2021-08-24 13:04:06,-91,26.7,Foreground,0.680000
535_DB983EA6-33C3-4EB3-8C58-BB61B2C880CF,132,2021-08-24 13:04:06,-64,0.9,Foreground,0.680000
535_DB983EA6-33C3-4EB3-8C58-BB61B2C880CF,136,2021-08-24 13:04:06,-67,1.6,Foreground,0.680000
535_DB983EA6-33C3-4EB3-8C58-BB61B2C880CF,134,2021-08-24 13:04:06,-72,2.0,Foreground,0.680000
535_DB983EA6-33C3-4EB3-8C58-BB61B2C880CF,138,2021-08-24 13:04:06,-92,29.0,Foreground,0.680000
535_DB983EA6-33C3-4EB3-8C58-BB61B2C880CF,140,2021-08-24 13:04:06,-94,33.9,Foreground,0.680000
17_E70CE80A-F0E3-4B6D-96D3-BE5540BD9CDB,137,2021-08-24 13:04:06,-67,1.3,Foreground,0.680000
17_E70CE80A-F0E3-4B6D-96D3-BE5540BD9CDB,143,2021-08-24 13:04:06,-85,27.7,Foreground,0.680000
283_79168CDD-F79A-40DD-A8B8-945F7C0F11C7,133,2021-08-24 13:04:07,-60,0.8,Foreground,0.680000
283_79168CDD-F79A-40DD-A8B8-945F7C0F11C7,139,2021-08-24 13:04:07,-88,28.0,Foreground,0.680000
754_B28E7807-3517-4048-90CD-29E4826AE511,135,2021-08-24 13:04:07,-66,1.3,Foreground,0.680000
754_B28E7807-3517-4048-90CD-29E4826AE511,141,2021-08-24 13:04:07,-94,27.5,Foreground,0.680000
202_DB983EA6-33C3-4EB3-8C58-BB61B2C880CF,132,2021-08-24 13:04:07,-68,1.1,Foreground,0.680000
202_DB983EA6-33C3-4EB3-8C58-BB61B2C880CF,136,2021-08-24 13:04:07,-66,1.5,Foreground,0.680000
202_DB983EA6-33C3-4EB3-8C58-BB61B2C880CF,134,2021-08-24 13:04:07,-68,1.8,Foreground,0.680000
202_DB983EA6-33C3-4EB3-8C58-BB61B2C880CF,138,2021-08-24 13:04:07,-88,27.7,Foreground,0.680000
202_DB983EA6-33C3-4EB3-8C58-BB61B2C880CF,140,2021-08-24 13:04:07,-89,31.7,Foreground,0.680000
680_E70CE80A-F0E3-4B6D-96D3-BE5540BD9CDB,137,2021-08-24 13:04:07,-62,1.0,Foreground,0.680000
680_E70CE80A-F0E3-4B6D-96D3-BE5540BD9CDB,143,2021-08-24 13:04:07,-85,24.6,Foreground,0.680000
600_79168CDD-F79A-40DD-A8B8-945F7C0F11C7,133,2021-08-24 13:04:08,-64,0.9,Foreground,0.680000
600_79168CDD-F79A-40DD-A8B8-945F7C0F11C7,139,2021-08-24 13:04:08,-88,26.7,Foreground,0.680000
8_B28E7807-3517-4048-90CD-29E4826AE511,135,2021-08-24 13:04:08,-67,1.3,Foreground,0.680000
8_B28E7807-3517-4048-90CD-29E4826AE511,141,2021-08-24 13:04:08,-91,27.5,Foreground,0.680000
459_DB983EA6-33C3-4EB3-8C58-BB61B2C880CF,132,2021-08-24 13:04:08,-64,1.0,Foreground,0.680000
459_DB983EA6-33C3-4EB3-8C58-BB61B2C880CF,136,2021-08-24 13:04:08,-69,1.5,Foreground,0.680000
459_DB983EA6-33C3-4EB3-8C58-BB61B2C880CF,134,2021-08-24 13:04:08,-68,1.7,Foreground,0.680000
459_DB983EA6-33C3-4EB3-8C58-BB61B2C880CF,138,2021-08-24 13:04:08,-89,27.1,Foreground,0.680000
459_DB983EA6-33C3-4EB3-8C58-BB61B2C880CF,140,2021-08-24 13:04:08,-89,30.1,Foreground,0.680000
459_DB983EA6-33C3-4EB3-8C58-BB61B2C880CF,142,2021-08-24 13:04:08,-90,31.8,Foreground,0.680000
206_E70CE80A-F0E3-4B6D-96D3-BE5540BD9CDB,137,2021-08-24 13:04:08,-65,1.0,Foreground,0.680000
655_79168CDD-F79A-40DD-A8B8-945F7C0F11C7,133,2021-08-24 13:04:09,-60,0.7,Foreground,0.680000
655_79168CDD-F79A-40DD-A8B8-945F7C0F11C7,139,2021-08-24 13:04:09,-91,26.8,Foreground,0.680000
131_B28E7807-3517-4048-90CD-29E4826AE511,135,2021-08-24 13:04:09,-68,1.3,Foreground,0.680000
131_B28E7807-3517-4048-90CD-29E4826AE511,141,2021-08-24 13:04:09,-91,27.5,Foreground,0.680000
309_DB983EA6-33C3-4EB3-8C58-BB61B2C880CF,132,2021-08-24 13:04:09,-65,1.0,Foreground,0.680000
309_DB983EA6-33C3-4EB3-8C58-BB61B2C880CF,136,2021-08-24 13:04:09,-70,1.6,Foreground,0.680000
309_DB983EA6-33C3-4EB3-8C58-BB61B2C880CF,134,2021-08-24 13:04:09,-70,1.8,Foreground,0.680000
309_DB983EA6-33C3-4EB3-8C58-BB61B2C880CF,140,2021-08-24 13:04:09,-90,29.4,Foreground,0.680000
309_DB983EA6-33C3-4EB3-8C58-BB61B2C880CF,142,2021-08-24 13:04:09,-92,31.7,Foreground,0.680000
309_DB983EA6-33C3-4EB3-8C58-BB61B2C880CF,120,2021-08-24 13:04:09,-93,44.4,Foreground,0.680000
119_E70CE80A-F0E3-4B6D-96D3-BE5540BD9CDB,137,2021-08-24 13:04:09,-70,1.2,Foreground,0.680000
119_E70CE80A-F0E3-4B6D-96D3-BE5540BD9CDB,143,2021-08-24 13:04:09,-91,24.9,Foreground,0.680000
521_79168CDD-F79A-40DD-A8B8-945F7C0F11C7,133,2021-08-24 13:04:10,-59,0.6,Foreground,0.680000
643_B28E7807-3517-4048-90CD-29E4826AE511,135,2021-08-24 13:04:10,-69,1.4,Foreground,0.680000
643_B28E7807-3517-4048-90CD-29E4826AE511,141,2021-08-24 13:04:10,-90,27.3,Foreground,0.680000
613_DB983EA6-33C3-4EB3-8C58-BB61B2C880CF,132,2021-08-24 13:04:10,-61,0.8,Foreground,0.680000
613_DB983EA6-33C3-4EB3-8C58-BB61B2C880CF,136,2021-08-24 13:04:10,-67,1.5,Foreground,0.680000
613_DB983EA6-33C3-4EB3-8C58-BB61B2C880CF,134,2021-08-24 13:04:10,-66,1.5,Foreground,0.680000
613_DB983EA6-33C3-4EB3-8C58-BB61B2C880CF,140,2021-08-24 13:04:10,-92,29.6,Foreground,0.680000
954_E70CE80A-F0E3-4B6D-96D3-BE5540BD9CDB,137,2021-08-24 13:04:10,-81,1.6,Foreground,0.680000
954_E70CE80A-F0E3-4B6D-96D3-BE5540BD9CDB,143,2021-08-24 13:04:10,-87,23.5,Foreground,0.680000
831_79168CDD-F79A-40DD-A8B8-945F7C0F11C7,133,2021-08-24 13:04:11,-60,0.6,Foreground,0.680000
255_B28E7807-3517-4048-90CD-29E4826AE511,135,2021-08-24 13:04:11,-66,1.3,Foreground,0.680000
255_B28E7807-3517-4048-90CD-29E4826AE511,141,2021-08-24 13:04:11,-87,25.9,Foreground,0.680000
77_DB983EA6-33C3-4EB3-8C58-BB61B2C880CF,132,2021-08-24 13:04:11,-60,0.7,Foreground,0.680000
77_DB983EA6-33C3-4EB3-8C58-BB61B2C880CF,134,2021-08-24 13:04:11,-62,1.1,Foreground,0.680000
77_DB983EA6-33C3-4EB3-8C58-BB61B2C880CF,136,2021-08-24 13:04:11,-67,1.4,Foreground,0.680000
77_DB983EA6-33C3-4EB3-8C58-BB61B2C880CF,140,2021-08-24 13:04:11,-89,28.6,Foreground,0.680000
77_DB983EA6-33C3-4EB3-8C58-BB61B2C880CF,120,2021-08-24 13:04:11,-94,43.3,Foreground,0.680000
422_E70CE80A-F0E3-4B6D-96D3-BE5540BD9CDB,137,2021-08-24 13:04:11,-72,1.8,Foreground,0.680000
422_E70CE80A-F0E3-4B6D-96D3-BE5540BD9CDB,143,2021-08-24 13:04:11,-87,22.5,Foreground,0.680000
356_79168CDD-F79A-40DD-A8B8-945F7C0F11C7,133,2021-08-24 13:04:12,-60,0.5,Foreground,0.680000
356_79168CDD-F79A-40DD-A8B8-945F7C0F11C7,139,2021-08-24 13:04:12,-93,28.7,Foreground,0.680000
285_B28E7807-3517-4048-90CD-29E4826AE511,135,2021-08-24 13:04:12,-66,1.3,Foreground,0.680000
285_B28E7807-3517-4048-90CD-29E4826AE511,141,2021-08-24 13:04:12,-88,25.2,Foreground,0.680000
487_DB983EA6-33C3-4EB3-8C58-BB61B2C880CF,132,2021-08-24 13:04:12,-59,0.6,Foreground,0.680000
487_DB983EA6-33C3-4EB3-8C58-BB61B2C880CF,134,2021-08-24 13:04:12,-61,0.9,Foreground,0.680000
487_DB983EA6-33C3-4EB3-8C58-BB61B2C880CF,136,2021-08-24 13:04:12,-71,1.6,Foreground,0.680000
487_DB983EA6-33C3-4EB3-8C58-BB61B2C880CF,140,2021-08-24 13:04:12,-91,28.5,Foreground,0.680000
487_DB983EA6-33C3-4EB3-8C58-BB61B2C880CF,120,2021-08-24 13:04:12,-94,42.7,Foreground,0.680000
276_E70CE80A-F0E3-4B6D-96D3-BE5540BD9CDB,137,2021-08-24 13:04:12,-72,2.0,Foreground,0.680000
276_E70CE80A-F0E3-4B6D-96D3-BE5540BD9CDB,143,2021-08-24 13:04:12,-89,22.4,Foreground,0.680000
663_79168CDD-F79A-40DD-A8B8-945F7C0F11C7,133,2021-08-24 13:04:13,-64,0.6,Foreground,0.680000
663_79168CDD-F79A-40DD-A8B8-945F7C0F11C7,139,2021-08-24 13:04:13,-91,28.6,Foreground,0.680000
54_B28E7807-3517-4048-90CD-29E4826AE511,135,2021-08-24 13:04:13,-69,1.4,Foreground,0.680000
54_B28E7807-3517-4048-90CD-29E4826AE511,141,2021-08-24 13:04:13,-89,24.8,Foreground,0.680000
445_DB983EA6-33C3-4EB3-8C58-BB61B2C880CF,132,2021-08-24 13:04:13,-66,0.7,Foreground,0.680000
445_DB983EA6-33C3-4EB3-8C58-BB61B2C880CF,134,2021-08-24 13:04:13,-76,1.2,Foreground,0.680000
445_DB983EA6-33C3-4EB3-8C58-BB61B2C880CF,136,2021-08-24 13:04:13,-72,1.8,Foreground,0.680000
445_DB983EA6-33C3-4EB3-8C58-BB61B2C880CF,140,2021-08-24 13:04:13,-91,28.5,Foreground,0.680000
445_DB983EA6-33C3-4EB3-8C58-BB61B2C880CF,138,2021-08-24 13:04:13,-94,29.1,Foreground,0.680000
445_DB983EA6-33C3-4EB3-8C58-BB61B2C880CF,142,2021-08-24 13:04:13,-93,32.2,Foreground,0.680000
139_E70CE80A-F0E3-4B6D-96D3-BE5540BD9CDB,137,2021-08-24 13:04:13,-71,2.0,Foreground,0.680000
139_E70CE80A-F0E3-4B6D-96D3-BE5540BD9CDB,143,2021-08-24 13:04:13,-90,22.6,Foreground,0.680000
620_79168CDD-F79A-40DD-A8B8-945F7C0F11C7,133,2021-08-24 13:04:14,-62,0.7,Foreground,0.680000
620_79168CDD-F79A-40DD-A8B8-945F7C0F11C7,139,2021-08-24 13:04:14,-89,27.7,Foreground,0.680000
265_B28E7807-3517-4048-90CD-29E4826AE511,135,2021-08-24 13:04:14,-68,1.4,Foreground,0.680000
265_B28E7807-3517-4048-90CD-29E4826AE511,141,2021-08-24 13:04:14,-92,25.3,Foreground,0.680000
769_DB983EA6-33C3-4EB3-8C58-BB61B2C880CF,132,2021-08-24 13:04:14,-64,0.8,Foreground,0.680000
769_DB983EA6-33C3-4EB3-8C58-BB61B2C880CF,136,2021-08-24 13:04:14,-72,1.9,Foreground,0.680000
769_DB983EA6-33C3-4EB3-8C58-BB61B2C880CF,138,2021-08-24 13:04:14,-89,27.6,Foreground,0.680000
769_DB983EA6-33C3-4EB3-8C58-BB61B2C880CF,140,2021-08-24 13:04:14,-91,28.4,Foreground,0.680000
371_E70CE80A-F0E3-4B6D-96D3-BE5540BD9CDB,137,2021-08-24 13:04:14,-71,2.1,Foreground,0.680000
371_E70CE80A-F0E3-4B6D-96D3-BE5540BD9CDB,143,2021-08-24 13:04:14,-87,21.8,Foreground,0.680000
665_79168CDD-F79A-40DD-A8B8-945F7C0F11C7,133,2021-08-24 13:04:15,-64,0.7,Foreground,0.680000
665_79168CDD-F79A-40DD-A8B8-945F7C0F11C7,139,2021-08-24 13:04:15,-90,27.4,Foreground,0.680000
705_B28E7807-3517-4048-90CD-29E4826AE511,135,2021-08-24 13:04:15,-67,1.4,Foreground,0.680000
705_B28E7807-3517-4048-90CD-29E4826AE511,141,2021-08-24 13:04:15,-89,24.9,Foreground,0.680000
492_DB983EA6-33C3-4EB3-8C58-BB61B2C880CF,132,2021-08-24 13:04:15,-61,0.7,Foreground,0.680000
492_DB983EA6-33C3-4EB3-8C58-BB61B2C880CF,134,2021-08-24 13:04:15,-61,0.9,Foreground,0.680000
492_DB983EA6-33C3-4EB3-8C58-BB61B2C880CF,136,2021-08-24 13:04:15,-73,2.1,Foreground,0.680000
492_DB983EA6-33C3-4EB3-8C58-BB61B2C880CF,138,2021-08-24 13:04:15,-87,25.4,Foreground,0.680000
492_DB983EA6-33C3-4EB3-8C58-BB61B2C880CF,140,2021-08-24 13:04:15,-93,28.9,Foreground,0.680000
424_E70CE80A-F0E3-4B6D-96D3-BE5540BD9CDB,137,2021-08-24 13:04:15,-69,1.9,Foreground,0.680000
132_79168CDD-F79A-40DD-A8B8-945F7C0F11C7,133,2021-08-24 13:04:16,-65,0.8,Foreground,0.680000
132_79168CDD-F79A-40DD-A8B8-945F7C0F11C7,139,2021-08-24 13:04:16,-90,27.1,Foreground,0.680000
814_B28E7807-3517-4048-90CD-29E4826AE511,135,2021-08-24 13:04:16,-60,0.9,Foreground,0.680000
814_B28E7807-3517-4048-90CD-29E4826AE511,141,2021-08-24 13:04:16,-90,24.9,Foreground,0.680000
178_DB983EA6-33C3-4EB3-8C58-BB61B2C880CF,132,2021-08-24 13:04:16,-61,0.7,Foreground,0.680000
178_DB983EA6-33C3-4EB3-8C58-BB61B2C880CF,134,2021-08-24 13:04:16,-60,0.7,Foreground,0.680000
178_DB983EA6-33C3-4EB3-8C58-BB61B2C880CF,136,2021-08-24 13:04:16,-71,2.1,Foreground,0.680000
178_DB983EA6-33C3-4EB3-8C58-BB61B2C880CF,138,2021-08-24 13:04:16,-89,24.8,Foreground,0.680000
178_DB983EA6-33C3-4EB3-8C58-BB61B2C880CF,142,2021-08-24 13:04:16,-92,32.1,Foreground,0.680000
963_E70CE80A-F0E3-4B6D-96D3-BE5540BD9CDB,137,2021-08-24 13:04:16,-72,2.0,Foreground,0.680000
963_E70CE80A-F0E3-4B6D-96D3-BE5540BD9CDB,143,2021-08-24 13:04:16,-89,21.8,Foreground,0.680000
170_79168CDD-F79A-40DD-A8B8-945F7C0F11C7,133,2021-08-24 13:04:17,-63,0.8,Foreground,0.680000
170_79168CDD-F79A-40DD-A8B8-945F7C0F11C7,139,2021-08-24 13:04:17,-91,27.1,Foreground,0.680000
170_79168CDD-F79A-40DD-A8B8-945F7C0F11C7,121,2021-08-24 13:04:17,-93,49.0,Foreground,0.680000
771_B28E7807-3517-4048-90CD-29E4826AE511,135,2021-08-24 13:04:17,-72,1.2,Foreground,0.680000
771_B28E7807-3517-4048-90CD-29E4826AE511,141,2021-08-24 13:04:17,-93,25.5,Foreground,0.680000
672_DB983EA6-33C3-4EB3-8C58-BB61B2C880CF,134,2021-08-24 13:04:17,-62,0.7,Foreground,0.680000
672_DB983EA6-33C3-4EB3-8C58-BB61B2C880CF,132,2021-08-24 13:04:17,-68,0.8,Foreground,0.680000
672_DB983EA6-33C3-4EB3-8C58-BB61B2C880CF,136,2021-08-24 13:04:17,-71,2.1,Foreground,0.680000
672_DB983EA6-33C3-4EB3-8C58-BB61B2C880CF,138,2021-08-24 13:04:17,-89,24.4,Foreground,0.680000
672_DB983EA6-33C3-4EB3-8C58-BB61B2C880CF,140,2021-08-24 13:04:17,-94,30.7,Foreground,0.680000
672_DB983EA6-33C3-4EB3-8C58-BB61B2C880CF,142,2021-08-24 13:04:17,-93,32.7,Foreground,0.680000
401_E70CE80A-F0E3-4B6D-96D3-BE5540BD9CDB,137,2021-08-24 13:04:17,-76,2.3,Foreground,0.680000
401_E70CE80A-F0E3-4B6D-96D3-BE5540BD9CDB,143,2021-08-24 13:04:17,-87,21.0,Foreground,0.680000
643_79168CDD-F79A-40DD-A8B8-945F7C0F11C7,133,2021-08-24 13:04:18,-64,0.8,Foreground,0.680000
643_79168CDD-F79A-40DD-A8B8-945F7C0F11C7,139,2021-08-24 13:04:18,-92,27.5,Foreground,0.680000
643_79168CDD-F79A-40DD-A8B8-945F7C0F11C7,121,2021-08-24 13:04:18,-93,45.2,Foreground,0.680000
989_B28E7807-3517-4048-90CD-29E4826AE511,135,2021-08-24 13:04:18,-64,1.1,Foreground,0.680000
989_B28E7807-3517-4048-90CD-29E4826AE511,141,2021-08-24 13:04:18,-94,26.3,Foreground,0.680000
202_DB983EA6-33C3-4EB3-8C58-BB61B2C880CF,134,2021-08-24 13:04:18,-62,0.7,Foreground,0.680000
202_DB983EA6-33C3-4EB3-8C58-BB61B2C880CF,132,2021-08-24 13:04:18,-66,0.9,Foreground,0.680000
202_DB983EA6-33C3-4EB3-8C58-BB61B2C880CF,136,2021-08-24 13:04:18,-72,2.2,Foreground,0.680000
202_DB983EA6-33C3-4EB3-8C58-BB61B2C880CF,140,2021-08-24 13:04:18,-93,31.1,Foreground,0.680000
942_E70CE80A-F0E3-4B6D-96D3-BE5540BD9CDB,137,2021-08-24 13:04:18,-71,2.3,Foreground,0.680000
942_E70CE80A-F0E3-4B6D-96D3-BE5540BD9CDB,143,2021-08-24 13:04:18,-87,20.5,Foreground,0.680000
498_79168CDD-F79A-40DD-A8B8-945F7C0F11C7,133,2021-08-24 13:04:19,-62,0.8,Foreground,0.680000
498_79168CDD-F79A-40DD-A8B8-945F7C0F11C7,139,2021-08-24 13:04:19,-91,27.5,Foreground,0.680000
843_B28E7807-3517-4048-90CD-29E4826AE511,135,2021-08-24 13:04:19,-69,1.2,Foreground,0.680000
843_B28E7807-3517-4048-90CD-29E4826AE511,141,2021-08-24 13:04:19,-91,26.4,Foreground,0.680000
828_DB983EA6-33C3-4EB3-8C58-BB61B2C880CF,134,2021-08-24 13:04:19,-62,0.7,Foreground,0.680000
828_DB983EA6-33C3-4EB3-8C58-BB61B2C880CF,132,2021-08-24 13:04:19,-64,0.9,Foreground,0.680000
828_DB983EA6-33C3-4EB3-8C58-BB61B2C880CF,136,2021-08-24 13:04:19,-76,2.5,Foreground,0.680000
828_DB983EA6-33C3-4EB3-8C58-BB61B2C880CF,140,2021-08-24 13:04:19,-91,30.8,Foreground,0.680000
588_E70CE80A-F0E3-4B6D-96D3-BE5540BD9CDB,137,2021-08-24 13:04:19,-75,2.5,Foreground,0.680000
588_E70CE80A-F0E3-4B6D-96D3-BE5540BD9CDB,143,2021-08-24 13:04:19,-89,20.6,Foreground,0.680000
144_79168CDD-F79A-40DD-A8B8-945F7C0F11C7,133,2021-08-24 13:04:20,-68,0.9,Foreground,0.680000
144_79168CDD-F79A-40DD-A8B8-945F7C0F11C7,139,2021-08-24 13:04:20,-90,27.2,Foreground,0.680000
144_79168CDD-F79A-40DD-A8B8-945F7C0F11C7,121,2021-08-24 13:04:20,-94,45.4,Foreground,0.680000
480_B28E7807-3517-4048-90CD-29E4826AE511,135,2021-08-24 13:04:20,-64,1.1,Foreground,0.680000
480_B28E7807-3517-4048-90CD-29E4826AE511,141,2021-08-24 13:04:20,-93,27.0,Foreground,0.680000
368_DB983EA6-33C3-4EB3-8C58-BB61B2C880CF,134,2021-08-24 13:04:20,-58,0.5,Foreground,0.680000
368_DB983EA6-33C3-4EB3-8C58-BB61B2C880CF,132,2021-08-24 13:04:20,-65,0.9,Foreground,0.680000
368_DB983EA6-33C3-4EB3-8C58-BB61B2C880CF,136,2021-08-24 13:04:20,-75,2.7,Foreground,0.680000
368_DB983EA6-33C3-4EB3-8C58-BB61B2C880CF,138,2021-08-24 13:04:20,-92,25.0,Foreground,0.680000
368_DB983EA6-33C3-4EB3-8C58-BB61B2C880CF,140,2021-08-24 13:04:20,-92,30.9,Foreground,0.680000
368_DB983EA6-33C3-4EB3-8C58-BB61B2C880CF,142,2021-08-24 13:04:20,-90,31.1,Foreground,0.680000
877_E70CE80A-F0E3-4B6D-96D3-BE5540BD9CDB,137,2021-08-24 13:04:20,-73,2.6,Foreground,0.680000
877_E70CE80A-F0E3-4B6D-96D3-BE5540BD9CDB,143,2021-08-24 13:04:20,-91,21.1,Foreground,0.680000
471_79168CDD-F79A-40DD-A8B8-945F7C0F11C7,133,2021-08-24 13:04:21,-62,0.8,Foreground,0.680000
471_79168CDD-F79A-40DD-A8B8-945F7C0F11C7,139,2021-08-24 13:04:21,-92,27.5,Foreground,0.680000
471_79168CDD-F79A-40DD-A8B8-945F7C0F11C7,121,2021-08-24 13:04:21,-94,44.7,Foreground,0.680000
524_B28E7807-3517-4048-90CD-29E4826AE511,135,2021-08-24 13:04:21,-65,1.0,Foreground,0.680000
524_B28E7807-3517-4048-90CD-29E4826AE511,141,2021-08-24 13:04:21,-93,27.5,Foreground,0.680000
314_DB983EA6-33C3-4EB3-8C58-BB61B2C880CF,134,2021-08-24 13:04:21,-58,0.5,Foreground,0.680000
314_DB983EA6-33C3-4EB3-8C58-BB61B2C880CF,132,2021-08-24 13:04:21,-63,0.9,Foreground,0.680000
314_DB983EA6-33C3-4EB3-8C58-BB61B2C880CF,136,2021-08-24 13:04:21,-77,3.0,Foreground,0.680000
314_DB983EA6-33C3-4EB3-8C58-BB61B2C880CF,138,2021-08-24 13:04:21,-94,26.5,Foreground,0.680000
314_DB983EA6-33C3-4EB3-8C58-BB61B2C880CF,142,2021-08-24 13:04:21,-87,27.1,Foreground,0.680000
314_DB983EA6-33C3-4EB3-8C58-BB61B2C880CF,140,2021-08-24 13:04:21,-89,29.9,Foreground,0.680000
760_E70CE80A-F0E3-4B6D-96D3-BE5540BD9CDB,137,2021-08-24 13:04:21,-73,2.6,Foreground,0.680000
760_E70CE80A-F0E3-4B6D-96D3-BE5540BD9CDB,143,2021-08-24 13:04:21,-89,21.2,Foreground,0.680000
12_79168CDD-F79A-40DD-A8B8-945F7C0F11C7,133,2021-08-24 13:04:22,-61,0.7,Foreground,0.680000
12_79168CDD-F79A-40DD-A8B8-945F7C0F11C7,139,2021-08-24 13:04:22,-92,27.8,Foreground,0.680000
152_B28E7807-3517-4048-90CD-29E4826AE511,135,2021-08-24 13:04:22,-60,0.8,Foreground,0.680000
575_DB983EA6-33C3-4EB3-8C58-BB61B2C880CF,134,2021-08-24 13:04:22,-60,0.5,Foreground,0.680000
575_DB983EA6-33C3-4EB3-8C58-BB61B2C880CF,132,2021-08-24 13:04:22,-63,0.8,Foreground,0.680000
575_DB983EA6-33C3-4EB3-8C58-BB61B2C880CF,136,2021-08-24 13:04:22,-70,2.6,Foreground,0.680000
575_DB983EA6-33C3-4EB3-8C58-BB61B2C880CF,142,2021-08-24 13:04:22,-90,26.6,Foreground,0.680000
575_DB983EA6-33C3-4EB3-8C58-BB61B2C880CF,138,2021-08-24 13:04:22,-94,27.8,Foreground,0.680000
575_DB983EA6-33C3-4EB3-8C58-BB61B2C880CF,140,2021-08-24 13:04:22,-89,29.0,Foreground,0.680000
614_E70CE80A-F0E3-4B6D-96D3-BE5540BD9CDB,137,2021-08-24 13:04:22,-71,2.5,Foreground,0.680000
614_E70CE80A-F0E3-4B6D-96D3-BE5540BD9CDB,143,2021-08-24 13:04:22,-93,22.1,Foreground,0.680000
764_79168CDD-F79A-40DD-A8B8-945F7C0F11C7,133,2021-08-24 13:04:23,-61,0.7,Foreground,0.680000
764_79168CDD-F79A-40DD-A8B8-945F7C0F11C7,139,2021-08-24 13:04:23,-90,27.5,Foreground,0.680000
756_B28E7807-3517-4048-90CD-29E4826AE511,135,2021-08-24 13:04:23,-60,0.7,Foreground,0.680000
756_B28E7807-3517-4048-90CD-29E4826AE511,141,2021-08-24 13:04:23,-92,27.8,Foreground,0.680000
943_DB983EA6-33C3-4EB3-8C58-BB61B2C880CF,134,2021-08-24 13:04:23,-61,0.5,Foreground,0.680000
943_DB983EA6-33C3-4EB3-8C58-BB61B2C880CF,132,2021-08-24 13:04:23,-65,0.9,Foreground,0.680000
943_DB983EA6-33C3-4EB3-8C58-BB61B2C880CF,136,2021-08-24 13:04:23,-70,2.4,Foreground,0.680000
943_DB983EA6-33C3-4EB3-8C58-BB61B2C880CF,142,2021-08-24 13:04:23,-90,26.3,Foreground,0.680000
943_DB983EA6-33C3-4EB3-8C58-BB61B2C880CF,138,2021-08-24 13:04:23,-94,29.0,Foreground,0.680000
943_DB983EA6-33C3-4EB3-8C58-BB61B2C880CF,140,2021-08-24 13:04:23,-93,29.4,Foreground,0.680000
399_E70CE80A-F0E3-4B6D-96D3-BE5540BD9CDB,137,2021-08-24 13:04:23,-68,2.1,Foreground,0.680000
399_E70CE80A-F0E3-4B6D-96D3-BE5540BD9CDB,143,2021-08-24 13:04:23,-93,22.9,Foreground,0.680000
269_79168CDD-F79A-40DD-A8B8-945F7C0F11C7,133,2021-08-24 13:04:24,-61,0.6,Foreground,0.680000
269_79168CDD-F79A-40DD-A8B8-945F7C0F11C7,139,2021-08-24 13:04:24,-89,26.9,Foreground,0.680000
269_79168CDD-F79A-40DD-A8B8-945F7C0F11C7,121,2021-08-24 13:04:24,-94,44.2,Foreground,0.680000
939_B28E7807-3517-4048-90CD-29E4826AE511,135,2021-08-24 13:04:24,-59,0.6,Foreground,0.680000
939_B28E7807-3517-4048-90CD-29E4826AE511,141,2021-08-24 13:04:24,-92,28.1,Foreground,0.680000
39_DB983EA6-33C3-4EB3-8C58-BB61B2C880CF,134,2021-08-24 13:04:24,-62,0.6,Foreground,0.680000
39_DB983EA6-33C3-4EB3-8C58-BB61B2C880CF,132,2021-08-24 13:04:24,-66,1.0,Foreground,0.680000
39_DB983EA6-33C3-4EB3-8C58-BB61B2C880CF,136,2021-08-24 13:04:24,-73,2.5,Foreground,0.680000
39_DB983EA6-33C3-4EB3-8C58-BB61B2C880CF,142,2021-08-24 13:04:24,-88,25.1,Foreground,0.680000
39_DB983EA6-33C3-4EB3-8C58-BB61B2C880CF,140,2021-08-24 13:04:24,-89,28.6,Foreground,0.680000
39_DB983EA6-33C3-4EB3-8C58-BB61B2C880CF,138,2021-08-24 13:04:24,-93,29.6,Foreground,0.680000
90_E70CE80A-F0E3-4B6D-96D3-BE5540BD9CDB,137,2021-08-24 13:04:24,-65,1.7,Foreground,0.680000
90_E70CE80A-F0E3-4B6D-96D3-BE5540BD9CDB,143,2021-08-24 13:04:24,-92,23.5,Foreground,0.680000
962_79168CDD-F79A-40DD-A8B8-945F7C0F11C7,133,2021-08-24 13:04:25,-63,0.7,Foreground,0.680000
962_79168CDD-F79A-40DD-A8B8-945F7C0F11C7,121,2021-08-24 13:04:25,-96,45.2,Foreground,0.680000
975_B28E7807-3517-4048-90CD-29E4826AE511,135,2021-08-24 13:04:25,-64,0.7,Foreground,0.680000
975_B28E7807-3517-4048-90CD-29E4826AE511,141,2021-08-24 13:04:25,-92,28.4,Foreground,0.680000
201_DB983EA6-33C3-4EB3-8C58-BB61B2C880CF,134,2021-08-24 13:04:25,-64,0.7,Foreground,0.680000
201_DB983EA6-33C3-4EB3-8C58-BB61B2C880CF,132,2021-08-24 13:04:25,-69,1.1,Foreground,0.680000
201_DB983EA6-33C3-4EB3-8C58-BB61B2C880CF,136,2021-08-24 13:04:25,-68,2.1,Foreground,0.680000
201_DB983EA6-33C3-4EB3-8C58-BB61B2C880CF,142,2021-08-24 13:04:25,-89,24.6,Foreground,0.680000
201_DB983EA6-33C3-4EB3-8C58-BB61B2C880CF,140,2021-08-24 13:04:25,-89,27.9,Foreground,0.680000
201_DB983EA6-33C3-4EB3-8C58-BB61B2C880CF,138,2021-08-24 13:04:25,-93,30.2,Foreground,0.680000
183_E70CE80A-F0E3-4B6D-96D3-BE5540BD9CDB,137,2021-08-24 13:04:25,-65,1.4,Foreground,0.680000
183_E70CE80A-F0E3-4B6D-96D3-BE5540BD9CDB,143,2021-08-24 13:04:25,-89,23.3,Foreground,0.680000
279_79168CDD-F79A-40DD-A8B8-945F7C0F11C7,133,2021-08-24 13:04:26,-63,0.7,Foreground,0.680000
279_79168CDD-F79A-40DD-A8B8-945F7C0F11C7,139,2021-08-24 13:04:26,-95,27.9,Foreground,0.680000
556_B28E7807-3517-4048-90CD-29E4826AE511,135,2021-08-24 13:04:26,-61,0.6,Foreground,0.680000
154_DB983EA6-33C3-4EB3-8C58-BB61B2C880CF,134,2021-08-24 13:04:26,-62,0.7,Foreground,0.680000
154_DB983EA6-33C3-4EB3-8C58-BB61B2C880CF,132,2021-08-24 13:04:26,-69,1.3,Foreground,0.680000
154_DB983EA6-33C3-4EB3-8C58-BB61B2C880CF,136,2021-08-24 13:04:26,-68,1.9,Foreground,0.680000
154_DB983EA6-33C3-4EB3-8C58-BB61B2C880CF,140,2021-08-24 13:04:26,-93,28.4,Foreground,0.680000
154_DB983EA6-33C3-4EB3-8C58-BB61B2C880CF,138,2021-08-24 13:04:26,-93,30.7,Foreground,0.680000
775_E70CE80A-F0E3-4B6D-96D3-BE5540BD9CDB,137,2021-08-24 13:04:26,-69,1.5,Foreground,0.680000
775_E70CE80A-F0E3-4B6D-96D3-BE5540BD9CDB,143,2021-08-24 13:04:26,-88,22.8,Foreground,0.680000
775_E70CE80A-F0E3-4B6D-96D3-BE5540BD9CDB,125,2021-08-24 13:04:26,-94,40.8,Foreground,0.680000
346_79168CDD-F79A-40DD-A8B8-945F7C0F11C7,133,2021-08-24 13:04:27,-64,0.8,Foreground,0.680000
346_79168CDD-F79A-40DD-A8B8-945F7C0F11C7,139,2021-08-24 13:04:27,-92,28.2,Foreground,0.680000
5_B28E7807-3517-4048-90CD-29E4826AE511,135,2021-08-24 13:04:27,-61,0.6,Foreground,0.680000
5_B28E7807-3517-4048-90CD-29E4826AE511,141,2021-08-24 13:04:27,-91,29.5,Foreground,0.680000
45_DB983EA6-33C3-4EB3-8C58-BB61B2C880CF,134,2021-08-24 13:04:27,-61,0.6,Foreground,0.680000
45_DB983EA6-33C3-4EB3-8C58-BB61B2C880CF,132,2021-08-24 13:04:27,-67,1.3,Foreground,0.680000
45_DB983EA6-33C3-4EB3-8C58-BB61B2C880CF,136,2021-08-24 13:04:27,-68,1.8,Foreground,0.680000
45_DB983EA6-33C3-4EB3-8C58-BB61B2C880CF,142,2021-08-24 13:04:27,-85,22.4,Foreground,0.680000
45_DB983EA6-33C3-4EB3-8C58-BB61B2C880CF,140,2021-08-24 13:04:27,-93,28.9,Foreground,0.680000
45_DB983EA6-33C3-4EB3-8C58-BB61B2C880CF,138,2021-08-24 13:04:27,-93,31.1,Foreground,0.680000
726_E70CE80A-F0E3-4B6D-96D3-BE5540BD9CDB,137,2021-08-24 13:04:27,-69,1.5,Foreground,0.680000
726_E70CE80A-F0E3-4B6D-96D3-BE5540BD9CDB,125,2021-08-24 13:04:27,-94,40.8,Foreground,0.680000
289_79168CDD-F79A-40DD-A8B8-945F7C0F11C7,133,2021-08-24 13:04:28,-62,0.7,Foreground,0.680000
289_79168CDD-F79A-40DD-A8B8-945F7C0F11C7,139,2021-08-24 13:04:28,-92,28.5,Foreground,0.680000
552_B28E7807-3517-4048-90CD-29E4826AE511,135,2021-08-24 13:04:28,-59,0.5,Foreground,0.680000
552_B28E7807-3517-4048-90CD-29E4826AE511,141,2021-08-24 13:04:28,-92,29.6,Foreground,0.680000
563_DB983EA6-33C3-4EB3-8C58-BB61B2C880CF,134,2021-08-24 13:04:28,-66,0.8,Foreground,0.680000
563_DB983EA6-33C3-4EB3-8C58-BB61B2C880CF,132,2021-08-24 13:04:28,-68,1.3,Foreground,0.680000
563_DB983EA6-33C3-4EB3-8C58-BB61B2C880CF,136,2021-08-24 13:04:28,-72,1.9,Foreground,0.680000
563_DB983EA6-33C3-4EB3-8C58-BB61B2C880CF,142,2021-08-24 13:04:28,-85,20.5,Foreground,0.680000
563_DB983EA6-33C3-4EB3-8C58-BB61B2C880CF,138,2021-08-24 13:04:28,-94,31.8,Foreground,0.680000
597_E70CE80A-F0E3-4B6D-96D3-BE5540BD9CDB,137,2021-08-24 13:04:28,-69,1.6,Foreground,0.680000
430_79168CDD-F79A-40DD-A8B8-945F7C0F11C7,133,2021-08-24 13:04:29,-62,0.7,Foreground,0.680000
430_79168CDD-F79A-40DD-A8B8-945F7C0F11C7,139,2021-08-24 13:04:29,-92,28.7,Foreground,0.680000
730_B28E7807-3517-4048-90CD-29E4826AE511,135,2021-08-24 13:04:29,-59,0.5,Foreground,0.680000
730_B28E7807-3517-4048-90CD-29E4826AE511,141,2021-08-24 13:04:29,-93,30.1,Foreground,0.680000
92_DB983EA6-33C3-4EB3-8C58-BB61B2C880CF,134,2021-08-24 13:04:29,-62,0.7,Foreground,0.680000
92_DB983EA6-33C3-4EB3-8C58-BB61B2C880CF,132,2021-08-24 13:04:29,-62,1.0,Foreground,0.680000
92_DB983EA6-33C3-4EB3-8C58-BB61B2C880CF,136,2021-08-24 13:04:29,-70,1.9,Foreground,0.680000
92_DB983EA6-33C3-4EB3-8C58-BB61B2C880CF,142,2021-08-24 13:04:29,-85,19.2,Foreground,0.680000
92_DB983EA6-33C3-4EB3-8C58-BB61B2C880CF,138,2021-08-24 13:04:29,-93,32.2,Foreground,0.680000
460_E70CE80A-F0E3-4B6D-96D3-BE5540BD9CDB,137,2021-08-24 13:04:29,-69,1.6,Foreground,0.680000
208_79168CDD-F79A-40DD-A8B8-945F7C0F11C7,133,2021-08-24 13:04:30,-65,0.8,Foreground,0.680000
208_79168CDD-F79A-40DD-A8B8-945F7C0F11C7,139,2021-08-24 13:04:30,-93,29.2,Foreground,0.680000
255_B28E7807-3517-4048-90CD-29E4826AE511,135,2021-08-24 13:04:30,-62,0.6,Foreground,0.680000
852_DB983EA6-33C3-4EB3-8C58-BB61B2C880CF,134,2021-08-24 13:04:30,-62,0.7,Foreground,0.680000
852_DB983EA6-33C3-4EB3-8C58-BB61B2C880CF,132,2021-08-24 13:04:30,-64,1.0,Foreground,0.680000
852_DB983EA6-33C3-4EB3-8C58-BB61B2C880CF,136,2021-08-24 13:04:30,-69,1.8,Foreground,0.680000
852_DB983EA6-33C3-4EB3-8C58-BB61B2C880CF,142,2021-08-24 13:04:30,-85,18.2,Foreground,0.680000
852_DB983EA6-33C3-4EB3-8C58-BB61B2C880CF,140,2021-08-24 13:04:30,-90,28.5,Foreground,0.680000
852_DB983EA6-33C3-4EB3-8C58-BB61B2C880CF,138,2021-08-24 13:04:30,-94,32.8,Foreground,0.680000
905_E70CE80A-F0E3-4B6D-96D3-BE5540BD9CDB,137,2021-08-24 13:04:30,-69,1.6,Foreground,0.680000
905_E70CE80A-F0E3-4B6D-96D3-BE5540BD9CDB,143,2021-08-24 13:04:30,-89,22.7,Foreground,0.680000
718_79168CDD-F79A-40DD-A8B8-945F7C0F11C7,133,2021-08-24 13:04:31,-60,0.7,Foreground,0.680000
156_B28E7807-3517-4048-90CD-29E4826AE511,135,2021-08-24 13:04:31,-62,0.6,Foreground,0.680000
156_B28E7807-3517-4048-90CD-29E4826AE511,141,2021-08-24 13:04:31,-90,29.5,Foreground,0.680000
547_DB983EA6-33C3-4EB3-8C58-BB61B2C880CF,134,2021-08-24 13:04:31,-60,0.6,Foreground,0.680000
547_DB983EA6-33C3-4EB3-8C58-BB61B2C880CF,132,2021-08-24 13:04:31,-62,0.9,Foreground,0.680000
547_DB983EA6-33C3-4EB3-8C58-BB61B2C880CF,136,2021-08-24 13:04:31,-69,1.8,Foreground,0.680000
547_DB983EA6-33C3-4EB3-8C58-BB61B2C880CF,142,2021-08-24 13:04:31,-94,19.4,Foreground,0.680000
547_DB983EA6-33C3-4EB3-8C58-BB61B2C880CF,140,2021-08-24 13:04:31,-95,29.8,Foreground,0.680000
547_DB983EA6-33C3-4EB3-8C58-BB61B2C880CF,138,2021-08-24 13:04:31,-91,32.3,Foreground,0.680000
328_E70CE80A-F0E3-4B6D-96D3-BE5540BD9CDB,137,2021-08-24 13:04:31,-69,1.6,Foreground,0.680000
328_E70CE80A-F0E3-4B6D-96D3-BE5540BD9CDB,143,2021-08-24 13:04:31,-89,22.5,Foreground,0.680000
596_79168CDD-F79A-40DD-A8B8-945F7C0F11C7,133,2021-08-24 13:04:32,-59,0.6,Foreground,0.680000
596_79168CDD-F79A-40DD-A8B8-945F7C0F11C7,139,2021-08-24 13:04:32,-88,29.1,Foreground,0.680000
811_B28E7807-3517-4048-90CD-29E4826AE511,135,2021-08-24 13:04:32,-61,0.6,Foreground,0.680000
811_B28E7807-3517-4048-90CD-29E4826AE511,141,2021-08-24 13:04:32,-91,29.4,Foreground,0.680000
939_DB983EA6-33C3-4EB3-8C58-BB61B2C880CF,134,2021-08-24 13:04:32,-64,0.7,Foreground,0.680000
939_DB983EA6-33C3-4EB3-8C58-BB61B2C880CF,132,2021-08-24 13:04:32,-65,0.9,Foreground,0.680000
939_DB983EA6-33C3-4EB3-8C58-BB61B2C880CF,136,2021-08-24 13:04:32,-69,1.8,Foreground,0.680000
939_DB983EA6-33C3-4EB3-8C58-BB61B2C880CF,140,2021-08-24 13:04:32,-95,31.0,Foreground,0.680000
939_DB983EA6-33C3-4EB3-8C58-BB61B2C880CF,138,2021-08-24 13:04:32,-91,31.9,Foreground,0.680000
939_DB983EA6-33C3-4EB3-8C58-BB61B2C880CF,120,2021-08-24 13:04:32,-92,43.9,Foreground,0.680000
355_E70CE80A-F0E3-4B6D-96D3-BE5540BD9CDB,137,2021-08-24 13:04:32,-69,1.6,Foreground,0.680000
355_E70CE80A-F0E3-4B6D-96D3-BE5540BD9CDB,143,2021-08-24 13:04:32,-90,22.8,Foreground,0.680000
189_79168CDD-F79A-40DD-A8B8-945F7C0F11C7,133,2021-08-24 13:04:33,-63,0.6,Foreground,0.680000
189_79168CDD-F79A-40DD-A8B8-945F7C0F11C7,139,2021-08-24 13:04:33,-92,29.3,Foreground,0.680000
393_B28E7807-3517-4048-90CD-29E4826AE511,135,2021-08-24 13:04:33,-61,0.6,Foreground,0.680000
265_DB983EA6-33C3-4EB3-8C58-BB61B2C880CF,134,2021-08-24 13:04:33,-63,0.7,Foreground,0.680000
265_DB983EA6-33C3-4EB3-8C58-BB61B2C880CF,132,2021-08-24 13:04:33,-69,1.1,Foreground,0.680000
265_DB983EA6-33C3-4EB3-8C58-BB61B2C880CF,136,2021-08-24 13:04:33,-70,1.8,Foreground,0.680000
265_DB983EA6-33C3-4EB3-8C58-BB61B2C880CF,138,2021-08-24 13:04:33,-90,31.1,Foreground,0.680000
265_DB983EA6-33C3-4EB3-8C58-BB61B2C880CF,140,2021-08-24 13:04:33,-94,31.8,Foreground,0.680000
265_DB983EA6-33C3-4EB3-8C58-BB61B2C880CF,120,2021-08-24 13:04:33,-92,40.5,Foreground,0.680000
195_E70CE80A-F0E3-4B6D-96D3-BE5540BD9CDB,137,2021-08-24 13:04:33,-67,1.5,Foreground,0.680000
195_E70CE80A-F0E3-4B6D-96D3-BE5540BD9CDB,143,2021-08-24 13:04:33,-94,24.3,Foreground,0.680000
644_79168CDD-F79A-40DD-A8B8-945F7C0F11C7,133,2021-08-24 13:04:34,-63,0.7,Foreground,0.680000
644_79168CDD-F79A-40DD-A8B8-945F7C0F11C7,139,2021-08-24 13:04:34,-91,29.2,Foreground,0.680000
644_79168CDD-F79A-40DD-A8B8-945F7C0F11C7,121,2021-08-24 13:04:34,-93,48.9,Foreground,0.680000
279_B28E7807-3517-4048-90CD-29E4826AE511,135,2021-08-24 13:04:34,-63,0.7,Foreground,0.680000
41_DB983EA6-33C3-4EB3-8C58-BB61B2C880CF,134,2021-08-24 13:04:34,-62,0.7,Foreground,0.680000
41_DB983EA6-33C3-4EB3-8C58-BB61B2C880CF,132,2021-08-24 13:04:34,-69,1.2,Foreground,0.680000
41_DB983EA6-33C3-4EB3-8C58-BB61B2C880CF,136,2021-08-24 13:04:34,-67,1.6,Foreground,0.680000
41_DB983EA6-33C3-4EB3-8C58-BB61B2C880CF,142,2021-08-24 13:04:34,-94,20.5,Foreground,0.680000
41_DB983EA6-33C3-4EB3-8C58-BB61B2C880CF,138,2021-08-24 13:04:34,-91,30.8,Foreground,0.680000
41_DB983EA6-33C3-4EB3-8C58-BB61B2C880CF,120,2021-08-24 13:04:34,-92,38.5,Foreground,0.680000
688_E70CE80A-F0E3-4B6D-96D3-BE5540BD9CDB,137,2021-08-24 13:04:34,-68,1.5,Foreground,0.680000
17_79168CDD-F79A-40DD-A8B8-945F7C0F11C7,133,2021-08-24 13:04:35,-69,0.9,Foreground,0.680000
17_79168CDD-F79A-40DD-A8B8-945F7C0F11C7,139,2021-08-24 13:04:35,-91,29.0,Foreground,0.680000
23_B28E7807-3517-4048-90CD-29E4826AE511,135,2021-08-24 13:04:35,-62,0.7,Foreground,0.680000
23_B28E7807-3517-4048-90CD-29E4826AE511,141,2021-08-24 13:04:35,-90,28.8,Foreground,0.680000
99_DB983EA6-33C3-4EB3-8C58-BB61B2C880CF,132,2021-08-24 13:04:35,-62,1.0,Foreground,0.680000
99_DB983EA6-33C3-4EB3-8C58-BB61B2C880CF,136,2021-08-24 13:04:35,-66,1.5,Foreground,0.680000
99_DB983EA6-33C3-4EB3-8C58-BB61B2C880CF,142,2021-08-24 13:04:35,-92,21.7,Foreground,0.680000
99_DB983EA6-33C3-4EB3-8C58-BB61B2C880CF,138,2021-08-24 13:04:35,-92,30.9,Foreground,0.680000
99_DB983EA6-33C3-4EB3-8C58-BB61B2C880CF,120,2021-08-24 13:04:35,-92,37.3,Foreground,0.680000
221_E70CE80A-F0E3-4B6D-96D3-BE5540BD9CDB,137,2021-08-24 13:04:35,-68,1.5,Foreground,0.680000
221_E70CE80A-F0E3-4B6D-96D3-BE5540BD9CDB,143,2021-08-24 13:04:35,-87,22.9,Foreground,0.680000
250_79168CDD-F79A-40DD-A8B8-945F7C0F11C7,133,2021-08-24 13:04:36,-68,1.0,Foreground,0.680000
250_79168CDD-F79A-40DD-A8B8-945F7C0F11C7,139,2021-08-24 13:04:36,-88,27.9,Foreground,0.680000
632_B28E7807-3517-4048-90CD-29E4826AE511,135,2021-08-24 13:04:36,-70,0.9,Foreground,0.680000
632_B28E7807-3517-4048-90CD-29E4826AE511,141,2021-08-24 13:04:36,-90,28.2,Foreground,0.680000
220_DB983EA6-33C3-4EB3-8C58-BB61B2C880CF,134,2021-08-24 13:04:36,-63,0.7,Foreground,0.680000
220_DB983EA6-33C3-4EB3-8C58-BB61B2C880CF,132,2021-08-24 13:04:36,-67,1.1,Foreground,0.680000
220_DB983EA6-33C3-4EB3-8C58-BB61B2C880CF,136,2021-08-24 13:04:36,-71,1.6,Foreground,0.680000
500_E70CE80A-F0E3-4B6D-96D3-BE5540BD9CDB,137,2021-08-24 13:04:36,-69,1.5,Foreground,0.680000
500_E70CE80A-F0E3-4B6D-96D3-BE5540BD9CDB,143,2021-08-24 13:04:36,-87,21.8,Foreground,0.680000
957_79168CDD-F79A-40DD-A8B8-945F7C0F11C7,133,2021-08-24 13:04:37,-62,0.9,Foreground,0.680000
957_79168CDD-F79A-40DD-A8B8-945F7C0F11C7,139,2021-08-24 13:04:37,-91,27.9,Foreground,0.680000
625_B28E7807-3517-4048-90CD-29E4826AE511,141,2021-08-24 13:04:37,-85,24.7,Foreground,0.680000
915_DB983EA6-33C3-4EB3-8C58-BB61B2C880CF,134,2021-08-24 13:04:37,-63,0.8,Foreground,0.680000
915_DB983EA6-33C3-4EB3-8C58-BB61B2C880CF,132,2021-08-24 13:04:37,-69,1.2,Foreground,0.680000
915_DB983EA6-33C3-4EB3-8C58-BB61B2C880CF,136,2021-08-24 13:04:37,-66,1.4,Foreground,0.680000
915_DB983EA6-33C3-4EB3-8C58-BB61B2C880CF,142,2021-08-24 13:04:37,-93,22.9,Foreground,0.680000
915_DB983EA6-33C3-4EB3-8C58-BB61B2C880CF,140,2021-08-24 13:04:37,-91,31.4,Foreground,0.680000
924_E70CE80A-F0E3-4B6D-96D3-BE5540BD9CDB,137,2021-08-24 13:04:37,-66,1.4,Foreground,0.680000
869_79168CDD-F79A-40DD-A8B8-945F7C0F11C7,133,2021-08-24 13:04:38,-70,1.1,Foreground,0.680000
869_79168CDD-F79A-40DD-A8B8-945F7C0F11C7,139,2021-08-24 13:04:38,-93,28.4,Foreground,0.680000
179_B28E7807-3517-4048-90CD-29E4826AE511,135,2021-08-24 13:04:38,-67,1.0,Foreground,0.680000
179_B28E7807-3517-4048-90CD-29E4826AE511,141,2021-08-24 13:04:38,-89,24.3,Foreground,0.680000
85_DB983EA6-33C3-4EB3-8C58-BB61B2C880CF,134,2021-08-24 13:04:38,-68,1.0,Foreground,0.680000
85_DB983EA6-33C3-4EB3-8C58-BB61B2C880CF,136,2021-08-24 13:04:38,-62,1.1,Foreground,0.680000
85_DB983EA6-33C3-4EB3-8C58-BB61B2C880CF,132,2021-08-24 13:04:38,-76,1.6,Foreground,0.680000
85_DB983EA6-33C3-4EB3-8C58-BB61B2C880CF,142,2021-08-24 13:04:38,-94,24.5,Foreground,0.680000
85_DB983EA6-33C3-4EB3-8C58-BB61B2C880CF,138,2021-08-24 13:04:38,-87,29.0,Foreground,0.680000
85_DB983EA6-33C3-4EB3-8C58-BB61B2C880CF,140,2021-08-24 13:04:38,-93,32.0,Foreground,0.680000
804_E70CE80A-F0E3-4B6D-96D3-BE5540BD9CDB,137,2021-08-24 13:04:38,-58,0.8,Foreground,0.680000
804_E70CE80A-F0E3-4B6D-96D3-BE5540BD9CDB,143,2021-08-24 13:04:38,-88,22.9,Foreground,0.680000
341_79168CDD-F79A-40DD-A8B8-945F7C0F11C7,133,2021-08-24 13:04:39,-64,1.0,Foreground,0.680000
341_79168CDD-F79A-40DD-A8B8-945F7C0F11C7,139,2021-08-24 13:04:39,-88,27.3,Foreground,0.680000
669_B28E7807-3517-4048-90CD-29E4826AE511,135,2021-08-24 13:04:39,-67,1.1,Foreground,0.680000
669_B28E7807-3517-4048-90CD-29E4826AE511,141,2021-08-24 13:04:39,-89,24.0,Foreground,0.680000
911_DB983EA6-33C3-4EB3-8C58-BB61B2C880CF,136,2021-08-24 13:04:39,-64,1.0,Foreground,0.680000
911_DB983EA6-33C3-4EB3-8C58-BB61B2C880CF,134,2021-08-24 13:04:39,-70,1.2,Foreground,0.680000
911_DB983EA6-33C3-4EB3-8C58-BB61B2C880CF,132,2021-08-24 13:04:39,-74,1.8,Foreground,0.680000
911_DB983EA6-33C3-4EB3-8C58-BB61B2C880CF,142,2021-08-24 13:04:39,-85,21.9,Foreground,0.680000
911_DB983EA6-33C3-4EB3-8C58-BB61B2C880CF,138,2021-08-24 13:04:39,-91,28.8,Foreground,0.680000
911_DB983EA6-33C3-4EB3-8C58-BB61B2C880CF,140,2021-08-24 13:04:39,-94,33.0,Foreground,0.680000
464_E70CE80A-F0E3-4B6D-96D3-BE5540BD9CDB,137,2021-08-24 13:04:39,-61,0.7,Foreground,0.680000
542_79168CDD-F79A-40DD-A8B8-945F7C0F11C7,133,2021-08-24 13:04:40,-62,0.9,Foreground,0.680000
542_79168CDD-F79A-40DD-A8B8-945F7C0F11C7,139,2021-08-24 13:04:40,-85,25.1,Foreground,0.680000
571_B28E7807-3517-4048-90CD-29E4826AE511,135,2021-08-24 13:04:40,-66,1.1,Foreground,0.680000
571_B28E7807-3517-4048-90CD-29E4826AE511,141,2021-08-24 13:04:40,-93,24.8,Foreground,0.680000
188_DB983EA6-33C3-4EB3-8C58-BB61B2C880CF,136,2021-08-24 13:04:40,-63,0.9,Foreground,0.680000
188_DB983EA6-33C3-4EB3-8C58-BB61B2C880CF,134,2021-08-24 13:04:40,-66,1.2,Foreground,0.680000
188_DB983EA6-33C3-4EB3-8C58-BB61B2C880CF,132,2021-08-24 13:04:40,-72,2.0,Foreground,0.680000
188_DB983EA6-33C3-4EB3-8C58-BB61B2C880CF,142,2021-08-24 13:04:40,-83,19.1,Foreground,0.680000
188_DB983EA6-33C3-4EB3-8C58-BB61B2C880CF,138,2021-08-24 13:04:40,-85,25.4,Foreground,0.680000
273_E70CE80A-F0E3-4B6D-96D3-BE5540BD9CDB,137,2021-08-24 13:04:40,-64,0.8,Foreground,0.680000
273_E70CE80A-F0E3-4B6D-96D3-BE5540BD9CDB,143,2021-08-24 13:04:40,-84,20.6,Foreground,0.680000
135_79168CDD-F79A-40DD-A8B8-945F7C0F11C7,133,2021-08-24 13:04:41,-61,0.7,Foreground,0.680000
135_79168CDD-F79A-40DD-A8B8-945F7C0F11C7,139,2021-08-24 13:04:41,-85,23.4,Foreground,0.680000
382_B28E7807-3517-4048-90CD-29E4826AE511,135,2021-08-24 13:04:41,-70,1.3,Foreground,0.680000
382_B28E7807-3517-4048-90CD-29E4826AE511,141,2021-08-24 13:04:41,-91,25.1,Foreground,0.680000
173_DB983EA6-33C3-4EB3-8C58-BB61B2C880CF,136,2021-08-24 13:04:41,-62,0.8,Foreground,0.680000
173_DB983EA6-33C3-4EB3-8C58-BB61B2C880CF,132,2021-08-24 13:04:41,-60,1.1,Foreground,0.680000
173_DB983EA6-33C3-4EB3-8C58-BB61B2C880CF,134,2021-08-24 13:04:41,-76,1.5,Foreground,0.680000
173_DB983EA6-33C3-4EB3-8C58-BB61B2C880CF,142,2021-08-24 13:04:41,-82,16.8,Foreground,0.680000
173_DB983EA6-33C3-4EB3-8C58-BB61B2C880CF,138,2021-08-24 13:04:41,-86,23.6,Foreground,0.680000
518_E70CE80A-F0E3-4B6D-96D3-BE5540BD9CDB,137,2021-08-24 13:04:41,-60,0.7,Foreground,0.680000
518_E70CE80A-F0E3-4B6D-96D3-BE5540BD9CDB,143,2021-08-24 13:04:41,-84,18.7,Foreground,0.680000
98_79168CDD-F79A-40DD-A8B8-945F7C0F11C7,133,2021-08-24 13:04:42,-64,0.8,Foreground,0.680000
98_79168CDD-F79A-40DD-A8B8-945F7C0F11C7,139,2021-08-24 13:04:42,-91,23.7,Foreground,0.680000
36_B28E7807-3517-4048-90CD-29E4826AE511,135,2021-08-24 13:04:42,-67,1.3,Foreground,0.680000
36_B28E7807-3517-4048-90CD-29E4826AE511,141,2021-08-24 13:04:42,-89,24.7,Foreground,0.680000
788_DB983EA6-33C3-4EB3-8C58-BB61B2C880CF,132,2021-08-24 13:04:42,-60,0.8,Foreground,0.680000
788_DB983EA6-33C3-4EB3-8C58-BB61B2C880CF,136,2021-08-24 13:04:42,-66,0.9,Foreground,0.680000
788_DB983EA6-33C3-4EB3-8C58-BB61B2C880CF,134,2021-08-24 13:04:42,-77,1.9,Foreground,0.680000
788_DB983EA6-33C3-4EB3-8C58-BB61B2C880CF,142,2021-08-24 13:04:42,-83,15.6,Foreground,0.680000
788_DB983EA6-33C3-4EB3-8C58-BB61B2C880CF,138,2021-08-24 13:04:42,-89,23.4,Foreground,0.680000
788_DB983EA6-33C3-4EB3-8C58-BB61B2C880CF,140,2021-08-24 13:04:42,-92,32.8,Foreground,0.680000
633_E70CE80A-F0E3-4B6D-96D3-BE5540BD9CDB,137,2021-08-24 13:04:42,-60,0.6,Foreground,0.680000
126_79168CDD-F79A-40DD-A8B8-945F7C0F11C7,133,2021-08-24 13:04:43,-64,0.8,Foreground,0.680000
126_79168CDD-F79A-40DD-A8B8-945F7C0F11C7,139,2021-08-24 13:04:43,-88,23.2,Foreground,0.680000
404_B28E7807-3517-4048-90CD-29E4826AE511,135,2021-08-24 13:04:43,-68,1.4,Foreground,0.680000
404_B28E7807-3517-4048-90CD-29E4826AE511,141,2021-08-24 13:04:43,-87,23.7,Foreground,0.680000
821_DB983EA6-33C3-4EB3-8C58-BB61B2C880CF,136,2021-08-24 13:04:43,-66,1.0,Foreground,0.680000
821_DB983EA6-33C3-4EB3-8C58-BB61B2C880CF,134,2021-08-24 13:04:43,-64,1.4,Foreground,0.680000
821_DB983EA6-33C3-4EB3-8C58-BB61B2C880CF,142,2021-08-24 13:04:43,-83,14.7,Foreground,0.680000
821_DB983EA6-33C3-4EB3-8C58-BB61B2C880CF,138,2021-08-24 13:04:43,-88,22.9,Foreground,0.680000
821_DB983EA6-33C3-4EB3-8C58-BB61B2C880CF,140,2021-08-24 13:04:43,-93,33.3,Foreground,0.680000
119_E70CE80A-F0E3-4B6D-96D3-BE5540BD9CDB,137,2021-08-24 13:04:43,-63,0.7,Foreground,0.680000
119_E70CE80A-F0E3-4B6D-96D3-BE5540BD9CDB,143,2021-08-24 13:04:43,-81,16.0,Foreground,0.680000
174_79168CDD-F79A-40DD-A8B8-945F7C0F11C7,133,2021-08-24 13:04:44,-67,1.0,Foreground,0.680000
174_79168CDD-F79A-40DD-A8B8-945F7C0F11C7,139,2021-08-24 13:04:44,-89,23.1,Foreground,0.680000
430_B28E7807-3517-4048-90CD-29E4826AE511,135,2021-08-24 13:04:44,-72,1.6,Foreground,0.680000
430_B28E7807-3517-4048-90CD-29E4826AE511,141,2021-08-24 13:04:44,-88,23.1,Foreground,0.680000
616_DB983EA6-33C3-4EB3-8C58-BB61B2C880CF,132,2021-08-24 13:04:44,-65,0.9,Foreground,0.680000
616_DB983EA6-33C3-4EB3-8C58-BB61B2C880CF,136,2021-08-24 13:04:44,-66,1.0,Foreground,0.680000
616_DB983EA6-33C3-4EB3-8C58-BB61B2C880CF,134,2021-08-24 13:04:44,-65,1.3,Foreground,0.680000
616_DB983EA6-33C3-4EB3-8C58-BB61B2C880CF,142,2021-08-24 13:04:44,-93,15.7,Foreground,0.680000
616_DB983EA6-33C3-4EB3-8C58-BB61B2C880CF,138,2021-08-24 13:04:44,-87,22.1,Foreground,0.680000
616_DB983EA6-33C3-4EB3-8C58-BB61B2C880CF,140,2021-08-24 13:04:44,-94,34.1,Foreground,0.680000
120_E70CE80A-F0E3-4B6D-96D3-BE5540BD9CDB,137,2021-08-24 13:04:44,-70,0.9,Foreground,0.680000
120_E70CE80A-F0E3-4B6D-96D3-BE5540BD9CDB,143,2021-08-24 13:04:44,-82,14.3,Foreground,0.680000
850_79168CDD-F79A-40DD-A8B8-945F7C0F11C7,133,2021-08-24 13:04:45,-59,0.7,Foreground,0.680000
524_B28E7807-3517-4048-90CD-29E4826AE511,135,2021-08-24 13:04:45,-74,1.8,Foreground,0.680000
524_B28E7807-3517-4048-90CD-29E4826AE511,141,2021-08-24 13:04:45,-88,22.7,Foreground,0.680000
806_DB983EA6-33C3-4EB3-8C58-BB61B2C880CF,132,2021-08-24 13:04:45,-65,0.9,Foreground,0.680000
806_DB983EA6-33C3-4EB3-8C58-BB61B2C880CF,136,2021-08-24 13:04:45,-66,1.1,Foreground,0.680000
806_DB983EA6-33C3-4EB3-8C58-BB61B2C880CF,134,2021-08-24 13:04:45,-68,1.3,Foreground,0.680000
806_DB983EA6-33C3-4EB3-8C58-BB61B2C880CF,138,2021-08-24 13:04:45,-88,21.8,Foreground,0.680000
806_DB983EA6-33C3-4EB3-8C58-BB61B2C880CF,140,2021-08-24 13:04:45,-95,35.2,Foreground,0.680000
459_E70CE80A-F0E3-4B6D-96D3-BE5540BD9CDB,137,2021-08-24 13:04:45,-64,0.9,Foreground,0.680000
459_E70CE80A-F0E3-4B6D-96D3-BE5540BD9CDB,143,2021-08-24 13:04:45,-83,13.5,Foreground,0.680000
872_79168CDD-F79A-40DD-A8B8-945F7C0F11C7,133,2021-08-24 13:04:46,-59,0.6,Foreground,0.680000
744_B28E7807-3517-4048-90CD-29E4826AE511,135,2021-08-24 13:04:46,-70,1.9,Foreground,0.680000
238_DB983EA6-33C3-4EB3-8C58-BB61B2C880CF,132,2021-08-24 13:04:46,-62,0.8,Foreground,0.680000
238_DB983EA6-33C3-4EB3-8C58-BB61B2C880CF,136,2021-08-24 13:04:46,-66,1.1,Foreground,0.680000
238_DB983EA6-33C3-4EB3-8C58-BB61B2C880CF,142,2021-08-24 13:04:46,-85,15.4,Foreground,0.680000
238_DB983EA6-33C3-4EB3-8C58-BB61B2C880CF,138,2021-08-24 13:04:46,-88,21.5,Foreground,0.680000
238_DB983EA6-33C3-4EB3-8C58-BB61B2C880CF,140,2021-08-24 13:04:46,-85,29.5,Foreground,0.680000
895_E70CE80A-F0E3-4B6D-96D3-BE5540BD9CDB,143,2021-08-24 13:04:46,-90,14.4,Foreground,0.680000
997_79168CDD-F79A-40DD-A8B8-945F7C0F11C7,139,2021-08-24 13:04:47,-87,22.4,Foreground,0.680000
949_B28E7807-3517-4048-90CD-29E4826AE511,135,2021-08-24 13:04:47,-67,1.7,Foreground,0.680000
949_B28E7807-3517-4048-90CD-29E4826AE511,141,2021-08-24 13:04:47,-92,23.3,Foreground,0.680000
638_DB983EA6-33C3-4EB3-8C58-BB61B2C880CF,132,2021-08-24 13:04:47,-67,0.9,Foreground,0.680000
638_DB983EA6-33C3-4EB3-8C58-BB61B2C880CF,134,2021-08-24 13:04:47,-61,1.0,Foreground,0.680000
638_DB983EA6-33C3-4EB3-8C58-BB61B2C880CF,138,2021-08-24 13:04:47,-87,20.9,Foreground,0.680000
638_DB983EA6-33C3-4EB3-8C58-BB61B2C880CF,140,2021-08-24 13:04:47,-88,27.9,Foreground,0.680000
254_E70CE80A-F0E3-4B6D-96D3-BE5540BD9CDB,137,2021-08-24 13:04:47,-62,0.8,Foreground,0.680000
254_E70CE80A-F0E3-4B6D-96D3-BE5540BD9CDB,143,2021-08-24 13:04:47,-88,14.8,Foreground,0.680000
980_79168CDD-F79A-40DD-A8B8-945F7C0F11C7,133,2021-08-24 13:04:48,-66,0.7,Foreground,0.680000
52_B28E7807-3517-4048-90CD-29E4826AE511,135,2021-08-24 13:04:48,-64,1.3,Foreground,0.680000
52_B28E7807-3517-4048-90CD-29E4826AE511,141,2021-08-24 13:04:48,-87,22.3,Foreground,0.680000
841_DB983EA6-33C3-4EB3-8C58-BB61B2C880CF,134,2021-08-24 13:04:48,-61,0.7,Foreground,0.680000
841_DB983EA6-33C3-4EB3-8C58-BB61B2C880CF,136,2021-08-24 13:04:48,-61,0.9,Foreground,0.680000
841_DB983EA6-33C3-4EB3-8C58-BB61B2C880CF,132,2021-08-24 13:04:48,-68,1.1,Foreground,0.680000
841_DB983EA6-33C3-4EB3-8C58-BB61B2C880CF,138,2021-08-24 13:04:48,-89,21.0,Foreground,0.680000
841_DB983EA6-33C3-4EB3-8C58-BB61B2C880CF,140,2021-08-24 13:04:48,-89,27.1,Foreground,0.680000
751_E70CE80A-F0E3-4B6D-96D3-BE5540BD9CDB,137,2021-08-24 13:04:48,-64,0.8,Foreground,0.680000
751_E70CE80A-F0E3-4B6D-96D3-BE5540BD9CDB,143,2021-08-24 13:04:48,-88,15.2,Foreground,0.680000
243_79168CDD-F79A-40DD-A8B8-945F7C0F11C7,133,2021-08-24 13:04:49,-65,0.9,Foreground,0.680000
243_79168CDD-F79A-40DD-A8B8-945F7C0F11C7,139,2021-08-24 13:04:49,-86,21.0,Foreground,0.680000
928_B28E7807-3517-4048-90CD-29E4826AE511,135,2021-08-24 13:04:49,-62,1.0,Foreground,0.680000
928_B28E7807-3517-4048-90CD-29E4826AE511,141,2021-08-24 13:04:49,-88,21.9,Foreground,0.680000
428_DB983EA6-33C3-4EB3-8C58-BB61B2C880CF,134,2021-08-24 13:04:49,-62,0.7,Foreground,0.680000
428_DB983EA6-33C3-4EB3-8C58-BB61B2C880CF,132,2021-08-24 13:04:49,-65,1.1,Foreground,0.680000
428_DB983EA6-33C3-4EB3-8C58-BB61B2C880CF,136,2021-08-24 13:04:49,-70,1.2,Foreground,0.680000
428_DB983EA6-33C3-4EB3-8C58-BB61B2C880CF,142,2021-08-24 13:04:49,-95,16.9,Foreground,0.680000
428_DB983EA6-33C3-4EB3-8C58-BB61B2C880CF,138,2021-08-24 13:04:49,-88,20.8,Foreground,0.680000
428_DB983EA6-33C3-4EB3-8C58-BB61B2C880CF,140,2021-08-24 13:04:49,-89,26.4,Foreground,0.680000
979_E70CE80A-F0E3-4B6D-96D3-BE5540BD9CDB,137,2021-08-24 13:04:49,-69,1.1,Foreground,0.680000
249_79168CDD-F79A-40DD-A8B8-945F7C0F11C7,133,2021-08-24 13:04:50,-66,1.0,Foreground,0.680000
249_79168CDD-F79A-40DD-A8B8-945F7C0F11C7,139,2021-08-24 13:04:50,-86,19.8,Foreground,0.680000
704_B28E7807-3517-4048-90CD-29E4826AE511,135,2021-08-24 13:04:50,-64,1.0,Foreground,0.680000
830_DB983EA6-33C3-4EB3-8C58-BB61B2C880CF,132,2021-08-24 13:04:50,-64,1.0,Foreground,0.680000
830_DB983EA6-33C3-4EB3-8C58-BB61B2C880CF,134,2021-08-24 13:04:50,-78,1.1,Foreground,0.680000
830_DB983EA6-33C3-4EB3-8C58-BB61B2C880CF,142,2021-08-24 13:04:50,-92,18.4,Foreground,0.680000
830_DB983EA6-33C3-4EB3-8C58-BB61B2C880CF,138,2021-08-24 13:04:50,-86,20.0,Foreground,0.680000
830_DB983EA6-33C3-4EB3-8C58-BB61B2C880CF,140,2021-08-24 13:04:50,-89,25.9,Foreground,0.680000
805_E70CE80A-F0E3-4B6D-96D3-BE5540BD9CDB,137,2021-08-24 13:04:50,-67,1.1,Foreground,0.680000
805_E70CE80A-F0E3-4B6D-96D3-BE5540BD9CDB,143,2021-08-24 13:04:50,-90,15.9,Foreground,0.680000
4_79168CDD-F79A-40DD-A8B8-945F7C0F11C7,133,2021-08-24 13:04:51,-68,1.1,Foreground,0.680000
459_B28E7807-3517-4048-90CD-29E4826AE511,135,2021-08-24 13:04:51,-69,1.1,Foreground,0.680000
666_DB983EA6-33C3-4EB3-8C58-BB61B2C880CF,132,2021-08-24 13:04:51,-63,0.9,Foreground,0.680000
666_DB983EA6-33C3-4EB3-8C58-BB61B2C880CF,134,2021-08-24 13:04:51,-63,1.0,Foreground,0.680000
666_DB983EA6-33C3-4EB3-8C58-BB61B2C880CF,136,2021-08-24 13:04:51,-67,1.2,Foreground,0.680000
666_DB983EA6-33C3-4EB3-8C58-BB61B2C880CF,138,2021-08-24 13:04:51,-89,20.2,Foreground,0.680000
666_DB983EA6-33C3-4EB3-8C58-BB61B2C880CF,142,2021-08-24 13:04:51,-95,20.4,Foreground,0.680000
666_DB983EA6-33C3-4EB3-8C58-BB61B2C880CF,140,2021-08-24 13:04:51,-91,26.0,Foreground,0.680000
148_E70CE80A-F0E3-4B6D-96D3-BE5540BD9CDB,137,2021-08-24 13:04:51,-64,1.0,Foreground,0.680000
148_E70CE80A-F0E3-4B6D-96D3-BE5540BD9CDB,143,2021-08-24 13:04:51,-90,16.7,Foreground,0.680000
481_79168CDD-F79A-40DD-A8B8-945F7C0F11C7,133,2021-08-24 13:04:52,-63,1.0,Foreground,0.680000
481_79168CDD-F79A-40DD-A8B8-945F7C0F11C7,139,2021-08-24 13:04:52,-88,19.7,Foreground,0.680000
596_B28E7807-3517-4048-90CD-29E4826AE511,135,2021-08-24 13:04:52,-68,1.2,Foreground,0.680000
899_DB983EA6-33C3-4EB3-8C58-BB61B2C880CF,132,2021-08-24 13:04:52,-63,0.9,Foreground,0.680000
899_DB983EA6-33C3-4EB3-8C58-BB61B2C880CF,134,2021-08-24 13:04:52,-64,0.9,Foreground,0.680000
899_DB983EA6-33C3-4EB3-8C58-BB61B2C880CF,136,2021-08-24 13:04:52,-65,1.1,Foreground,0.680000
899_DB983EA6-33C3-4EB3-8C58-BB61B2C880CF,140,2021-08-24 13:04:52,-91,26.2,Foreground,0.680000
669_79168CDD-F79A-40DD-A8B8-945F7C0F11C7,133,2021-08-24 13:04:53,-65,1.0,Foreground,0.680000
669_79168CDD-F79A-40DD-A8B8-945F7C0F11C7,139,2021-08-24 13:04:53,-90,20.2,Foreground,0.680000
178_B28E7807-3517-4048-90CD-29E4826AE511,135,2021-08-24 13:04:53,-68,1.3,Foreground,0.680000
178_B28E7807-3517-4048-90CD-29E4826AE511,141,2021-08-24 13:04:53,-93,22.8,Foreground,0.680000
914_DB983EA6-33C3-4EB3-8C58-BB61B2C880CF,132,2021-08-24 13:04:53,-67,1.0,Foreground,0.680000
914_DB983EA6-33C3-4EB3-8C58-BB61B2C880CF,136,2021-08-24 13:04:53,-68,1.2,Foreground,0.680000
914_DB983EA6-33C3-4EB3-8C58-BB61B2C880CF,134,2021-08-24 13:04:53,-78,1.3,Foreground,0.680000
914_DB983EA6-33C3-4EB3-8C58-BB61B2C880CF,142,2021-08-24 13:04:53,-86,19.3,Foreground,0.680000
914_DB983EA6-33C3-4EB3-8C58-BB61B2C880CF,140,2021-08-24 13:04:53,-90,26.0,Foreground,0.680000
930_E70CE80A-F0E3-4B6D-96D3-BE5540BD9CDB,137,2021-08-24 13:04:53,-72,1.3,Foreground,0.680000
930_E70CE80A-F0E3-4B6D-96D3-BE5540BD9CDB,143,2021-08-24 13:04:53,-93,17.9,Foreground,0.680000
49_79168CDD-F79A-40DD-A8B8-945F7C0F11C7,133,2021-08-24 13:04:54,-63,0.9,Foreground,0.680000
885_B28E7807-3517-4048-90CD-29E4826AE511,135,2021-08-24 13:04:54,-73,1.6,Foreground,0.680000
885_B28E7807-3517-4048-90CD-29E4826AE511,141,2021-08-24 13:04:54,-93,24.4,Foreground,0.680000
196_DB983EA6-33C3-4EB3-8C58-BB61B2C880CF,132,2021-08-24 13:04:54,-67,1.1,Foreground,0.680000
196_DB983EA6-33C3-4EB3-8C58-BB61B2C880CF,136,2021-08-24 13:04:54,-68,1.3,Foreground,0.680000
196_DB983EA6-33C3-4EB3-8C58-BB61B2C880CF,134,2021-08-24 13:04:54,-71,1.5,Foreground,0.680000
196_DB983EA6-33C3-4EB3-8C58-BB61B2C880CF,142,2021-08-24 13:04:54,-89,19.6,Foreground,0.680000
196_DB983EA6-33C3-4EB3-8C58-BB61B2C880CF,140,2021-08-24 13:04:54,-90,25.9,Foreground,0.680000
892_E70CE80A-F0E3-4B6D-96D3-BE5540BD9CDB,137,2021-08-24 13:04:54,-73,1.7,Foreground,0.680000
892_E70CE80A-F0E3-4B6D-96D3-BE5540BD9CDB,143,2021-08-24 13:04:54,-94,19.5,Foreground,0.680000
279_79168CDD-F79A-40DD-A8B8-945F7C0F11C7,133,2021-08-24 13:04:55,-61,0.8,Foreground,0.680000
550_B28E7807-3517-4048-90CD-29E4826AE511,135,2021-08-24 13:04:55,-69,1.6,Foreground,0.680000
550_B28E7807-3517-4048-90CD-29E4826AE511,141,2021-08-24 13:04:55,-90,24.4,Foreground,0.680000
662_DB983EA6-33C3-4EB3-8C58-BB61B2C880CF,132,2021-08-24 13:04:55,-65,1.0,Foreground,0.680000
662_DB983EA6-33C3-4EB3-8C58-BB61B2C880CF,136,2021-08-24 13:04:55,-65,1.2,Foreground,0.680000
662_DB983EA6-33C3-4EB3-8C58-BB61B2C880CF,134,2021-08-24 13:04:55,-71,1.7,Foreground,0.680000
662_DB983EA6-33C3-4EB3-8C58-BB61B2C880CF,142,2021-08-24 13:04:55,-87,19.2,Foreground,0.680000
662_DB983EA6-33C3-4EB3-8C58-BB61B2C880CF,140,2021-08-24 13:04:55,-88,25.1,Foreground,0.680000
548_E70CE80A-F0E3-4B6D-96D3-BE5540BD9CDB,137,2021-08-24 13:04:55,-72,1.9,Foreground,0.680000
548_E70CE80A-F0E3-4B6D-96D3-BE5540BD9CDB,143,2021-08-24 13:04:55,-95,21.1,Foreground,0.680000
